View_pages_cid,View_pages_page,View_pages_from,View_pages_part,View_pages_duration,View_pages_vid,View_pages_weblink,View_pages_dimension_width,View_pages_dimension_height,View_pages_dimension_rotate,aid
1878620,1,vupload,,4399,,,640,360,0,1240008
1878607,1,vupload,,1080,,,480,360,0,1240000
1878617,1,vupload,,124,,,640,360,0,1240006
1878611,1,vupload,S与M的相会,1378,,,448,342,0,1240004
1878612,2,vupload,超级S，B组合,1456,,,448,342,0,1240004
1878613,3,vupload,崩坏世界的触手,4967,,,640,360,0,1240004
1878634,1,vupload,,58,,,640,360,0,1240015
1878639,1,vupload,,3033,,,672,378,0,1240018
1878652,1,vupload,,103,,,480,270,0,1240027
1878651,1,vupload,,279,,,640,360,0,1240025
1878667,1,vupload,,718,,,640,360,0,1240033
2036146,1,vupload,,203,,,640,360,0,1240037
1878676,1,vupload,,168,,,640,360,0,1240038
1878669,1,vupload,,239,,,640,360,0,1240034
1878710,1,vupload,,159,,,480,270,0,1240048
1878703,1,vupload,,411,,,640,480,0,1240043
1878709,1,vupload,,1399,,,636,360,0,1240047
1878714,1,vupload,,2218,,,672,378,0,1240051
1878715,1,vupload,,0,,,448,336,0,1240052
1878720,1,vupload,,1797,,,640,360,0,1240055
1878737,1,vupload,,2762,,,854,480,0,1240063
1885696,1,vupload,,67,,,638,360,0,1240060
1878760,1,vupload,,166,,,640,352,0,1240073
1878765,1,vupload,,80,,,640,360,0,1240077
1878785,1,vupload,,99,,,640,360,0,1240086
1878812,1,vupload,,124,,,480,360,0,1240093
1878809,1,vupload,,79,,,640,360,0,1240091
1878856,1,vupload,,316,,,512,288,0,1240094
1878846,1,vupload,P1,538,,,640,360,0,1240106
