account,count,num,size,aid
7,7,1,3,1080004
15,13,1,3,1080003
2,2,1,3,1080008
2,2,1,3,1080010
2,1,1,3,1080015
3,2,1,3,1080013
4,4,1,3,1080012
2,1,1,3,1080025
11,9,1,3,1080023
13,12,1,3,1080022
56,52,1,3,1080028
0,0,1,3,1080031
0,0,1,3,1080037
8,6,1,3,1080032
0,0,1,3,1080034
0,0,1,3,1080041
5,2,1,3,1080042
1,1,1,3,1080046
100,68,1,3,1080052
1,1,1,3,1080050
0,0,1,3,1080058
0,0,1,3,1080060
7,7,1,3,1080062
2,2,1,3,1080063
143,131,1,3,1080070
5,5,1,3,1080072
1,1,1,3,1080071
8,7,1,3,1080077
8,6,1,3,1080075
37,27,1,3,1080078
0,0,1,3,1080073
4,4,1,3,1080076
14,10,1,3,1080086
13,5,1,3,1080080
5,4,1,3,1080087
6,7,1,3,1080082
2,2,1,3,1080095
2,2,1,3,1080090
2,2,1,3,1080097
411,241,1,3,1080098
39,38,1,3,1080105
2,2,1,3,1080106
39,21,1,3,1080108
8,5,1,3,1080102
12,12,1,3,1080107
6,4,1,3,1080100
1,1,1,3,1080103
4,4,1,3,1080104
19,15,1,3,1080117
31,26,1,3,1080110
89,80,1,3,1080113
13,13,1,3,1080111
17,8,1,3,1080126
2,2,1,3,1080125
66,65,1,3,1080121
31,26,1,3,1080128
15,12,1,3,1080127
21,12,1,3,1080131
1,1,1,3,1080133
1,1,1,3,1080135
6,6,1,3,1080130
4,3,1,3,1080147
49,35,1,3,1080144
14,13,1,3,1080150
0,0,1,3,1080156
5,3,1,3,1080153
30,23,1,3,1080155
3,3,1,3,1080158
22,16,1,3,1080161
0,0,1,3,1080163
26,18,1,3,1080168
0,0,1,3,1080167
0,0,1,3,1080175
9,9,1,3,1080185
19,12,1,3,1080182
3,3,1,3,1080187
6,6,1,3,1080191
0,0,1,3,1080197
7,7,1,3,1080192
0,0,1,3,1080213
2,2,1,3,1080218
9,8,1,3,1080215
0,0,1,3,1080214
5,4,1,3,1080224
1,1,1,3,1080226
1,1,1,3,1080222
35,31,1,3,1080228
2,2,1,3,1080220
15,7,1,3,1080223
0,0,1,3,1080236
3,3,1,3,1080237
54,39,1,3,1080234
2,2,1,3,1080241
1,1,1,3,1080240
3,3,1,3,1080242
3,4,1,3,1080246
11,7,1,3,1080245
10,5,1,3,1080247
16,7,1,3,1080252
7,11,1,3,1080250
0,0,1,3,1080267
2,3,1,3,1080266
8,8,1,3,1080263
0,0,1,3,1080275
3,3,1,3,1080274
12,8,1,3,1080270
72,37,1,3,1080288
1,1,1,3,1080280
4,3,1,3,1080287
9,6,1,3,1080284
2,2,1,3,1080283
12,12,1,3,1080286
1,1,1,3,1080294
34,30,1,3,1080295
1485,1181,1,3,1080290
109,100,1,3,1080291
10,7,1,3,1080293
9,10,1,3,1080292
7,7,1,3,1080297
41,23,1,3,1080296
31,11,1,3,1080303
4,2,1,3,1080305
2762,2458,1,3,1080314
1,1,1,3,1080311
9,7,1,3,1080325
8,7,1,3,1080328
5,5,1,3,1080327
13,8,1,3,1080322
24,23,1,3,1080323
11,6,1,3,1080324
7,7,1,3,1080334
1,1,1,3,1080336
0,0,1,3,1080337
29,24,1,3,1080333
0,0,1,3,1080335
8,7,1,3,1080345
11,10,1,3,1080348
2,2,1,3,1080341
159,123,1,3,1080347
21,16,1,3,1080353
16,8,1,3,1080352
1,1,1,3,1080351
42,37,1,3,1080365
20,16,1,3,1080361
1,1,1,3,1080366
1,1,1,3,1080375
3,2,1,3,1080371
7,7,1,3,1080378
9,8,1,3,1080387
7,7,1,3,1080381
2,3,1,3,1080393
2,2,1,3,1080391
9,10,1,3,1080392
4,4,1,3,1080397
15,12,1,3,1080402
1,1,1,3,1080403
60,43,1,3,1080405
1,1,1,3,1080408
6,5,1,3,1080407
0,1,1,3,1080415
19,8,1,3,1080417
377,335,1,3,1080412
23,18,1,3,1080416
4,3,1,3,1080411
4,4,1,3,1080421
42,22,1,3,1080424
10,5,1,3,1080430
0,0,1,3,1080443
1,1,1,3,1080444
2,2,1,3,1080458
5,2,1,3,1080455
5,5,1,3,1080456
224,196,1,3,1080450
1,2,1,3,1080453
0,0,1,3,1080460
0,0,1,3,1080468
10,9,1,3,1080467
52,12,1,3,1080465
4,4,1,3,1080475
0,0,1,3,1080473
86,75,1,3,1080478
43,33,1,3,1080477
4,4,1,3,1080484
2253,1913,1,3,1080487
0,0,1,3,1080483
6,5,1,3,1080482
3,3,1,3,1080485
482,488,1,3,1080486
12,12,1,3,1080488
5,5,1,3,1080491
3,3,1,3,1080493
9,5,1,3,1080498
9,10,1,3,1080490
7,5,1,3,1080494
13,11,1,3,1080495
3,2,1,3,1080497
0,0,1,3,1080508
10,7,1,3,1080503
39,18,1,3,1080507
1,1,1,3,1080501
4,2,1,3,1080513
35,17,1,3,1080516
3,3,1,3,1080512
8,8,1,3,1080515
14,13,1,3,1080511
3,3,1,3,1080524
0,0,1,3,1080520
140,102,1,3,1080532
1,1,1,3,1080531
8,7,1,3,1080535
4,4,1,3,1080537
2,1,1,3,1080545
0,1,1,3,1080540
7,7,1,3,1080547
5,5,1,3,1080550
0,0,1,3,1080551
0,0,1,3,1080558
3,2,1,3,1080555
2,2,1,3,1080561
11,11,1,3,1080568
1,1,1,3,1080565
1,1,1,3,1080571
14,12,1,3,1080573
1,1,1,3,1080570
3,3,1,3,1080574
1,1,1,3,1080577
32,26,1,3,1080576
28,18,1,3,1080580
19,14,1,3,1080586
86,36,1,3,1080581
143,58,1,3,1080585
75,71,1,3,1080592
1,1,1,3,1080595
0,0,1,3,1080606
8,1,1,3,1080600
39,27,1,3,1080601
0,0,1,3,1080603
5,5,1,3,1080616
2,2,1,3,1080612
1,1,1,3,1080611
76,67,1,3,1080613
6,6,1,3,1080623
6,4,1,3,1080625
21,9,1,3,1080622
3,3,1,3,1080624
0,0,1,3,1080627
0,0,1,3,1080634
1,1,1,3,1080635
32,30,1,3,1080633
6,3,1,3,1080637
0,0,1,3,1080646
3,4,1,3,1080647
5,6,1,3,1080640
4,3,1,3,1080658
4,4,1,3,1080652
18,15,1,3,1080650
15,15,1,3,1080664
4,3,1,3,1080667
9,7,1,3,1080665
21,16,1,3,1080660
2,3,1,3,1080670
4,4,1,3,1080672
17,11,1,3,1080671
0,0,1,3,1080681
5,5,1,3,1080680
3,3,1,3,1080683
7,7,1,3,1080686
4,3,1,3,1080684
3,2,1,3,1080687
7,7,1,3,1080695
1,1,1,3,1080690
28,18,1,3,1080694
792,424,1,3,1080698
1,1,1,3,1080691
0,0,1,3,1080702
92,47,1,3,1080706
1,1,1,3,1080707
6,6,1,3,1080705
3,2,1,3,1080710
4,2,1,3,1080712
8,5,1,3,1080716
22,17,1,3,1080724
10,9,1,3,1080725
4,4,1,3,1080726
10,10,1,3,1080723
14,13,1,3,1080727
35,32,1,3,1080730
3,2,1,3,1080732
4,3,1,3,1080745
7,5,1,3,1080743
2,2,1,3,1080740
1,1,1,3,1080746
26,22,1,3,1080756
13,13,1,3,1080752
0,0,1,3,1080758
0,0,1,3,1080751
3,3,1,3,1080755
33,33,1,3,1080753
97,66,1,3,1080763
16,13,1,3,1080766
0,0,1,3,1080765
118,100,1,3,1080773
8,6,1,3,1080775
0,0,1,3,1080784
0,0,1,3,1080788
1,1,1,3,1080780
164,124,1,3,1080782
25,20,1,3,1080787
1,1,1,3,1080783
6,6,1,3,1080797
215,139,1,3,1080803
1,1,1,3,1080806
1,2,1,3,1080816
0,0,1,3,1080814
0,0,1,3,1080813
13,12,1,3,1080818
112,85,1,3,1080815
1,1,1,3,1080822
1,1,1,3,1080823
3,3,1,3,1080825
0,0,1,3,1080837
0,0,1,3,1080832
0,0,1,3,1080833
1,1,1,3,1080846
0,0,1,3,1080842
15,15,1,3,1080841
2,2,1,3,1080847
9,8,1,3,1080845
29,23,1,3,1080848
2,2,1,3,1080850
35,25,1,3,1080853
2,2,1,3,1080868
3,3,1,3,1080864
45,46,1,3,1080866
6,6,1,3,1080861
9,7,1,3,1080865
55,42,1,3,1080871
20,20,1,3,1080873
1,1,1,3,1080875
8,2,1,3,1080876
1,1,1,3,1080872
0,0,1,3,1080884
0,0,1,3,1080881
8,6,1,3,1080880
1,1,1,3,1080888
3,3,1,3,1080898
3,3,1,3,1080892
14,14,1,3,1080897
19,18,1,3,1080900
1,1,1,3,1080906
0,0,1,3,1080903
1,1,1,3,1080901
1,1,1,3,1080908
3,3,1,3,1080907
5,4,1,3,1080916
3,2,1,3,1080913
3,2,1,3,1080914
6,5,1,3,1080910
16,5,1,3,1080920
7,6,1,3,1080926
14,12,1,3,1080927
0,0,1,3,1080937
0,0,1,3,1080930
1,1,1,3,1080934
0,0,1,3,1080931
9,6,1,3,1080933
2,2,1,3,1080943
12,8,1,3,1080945
4,4,1,3,1080957
3,2,1,3,1080951
1,1,1,3,1080950
3,3,1,3,1080958
0,0,1,3,1080956
3,3,1,3,1080952
0,0,1,3,1080954
10,5,1,3,1080961
0,0,1,3,1080967
1,1,1,3,1080960
0,0,1,3,1080963
36,29,1,3,1080976
11,9,1,3,1080977
2,2,1,3,1080981
7,4,1,3,1080986
3,3,1,3,1080992
60,49,1,3,1080998
2,2,1,3,1081003
13,12,1,3,1081001
4,3,1,3,1081002
12,11,1,3,1081008
290,190,1,3,1081007
2,2,1,3,1081012
10,6,1,3,1081013
24,18,1,3,1081016
1,1,1,3,1081014
4,4,1,3,1081010
56,55,1,3,1081020
4,4,1,3,1081028
7,7,1,3,1081025
7,3,1,3,1081037
0,0,1,3,1081035
0,0,1,3,1081044
3,3,1,3,1081040
7,7,1,3,1081047
2,2,1,3,1081042
0,0,1,3,1081057
2,2,1,3,1081056
3,2,1,3,1081054
1,1,1,3,1081052
6,6,1,3,1081060
14,10,1,3,1081063
0,0,1,3,1081075
3,3,1,3,1081074
5,5,1,3,1081078
15,10,1,3,1081077
0,0,1,3,1081080
0,0,1,3,1081085
40,40,1,3,1081082
234,157,1,3,1081084
0,0,1,3,1081097
10,11,1,3,1081096
1,1,1,3,1081101
5,4,1,3,1081104
3,3,1,3,1081108
15,12,1,3,1081118
2,3,1,3,1081111
29,27,1,3,1081112
3,3,1,3,1081116
0,0,1,3,1081121
11,10,1,3,1081127
10,6,1,3,1081125
10,10,1,3,1081128
0,0,1,3,1081123
0,0,1,3,1081122
18,18,1,3,1081132
0,0,1,3,1081137
147,106,1,3,1081138
0,0,1,3,1081131
3,3,1,3,1081136
3,3,1,3,1081143
1,1,1,3,1081141
4,3,1,3,1081145
64,63,1,3,1081148
3,3,1,3,1081144
6,6,1,3,1081153
0,0,1,3,1081158
7,4,1,3,1081155
16,11,1,3,1081154
0,0,1,3,1081152
1,2,1,3,1081164
2,2,1,3,1081160
5,5,1,3,1081166
10,8,1,3,1081167
2,1,1,3,1081162
1,1,1,3,1081168
2,2,1,3,1081161
5,5,1,3,1081172
1,1,1,3,1081171
0,0,1,3,1081175
4,4,1,3,1081174
22,17,1,3,1081178
344,255,1,3,1081183
0,0,1,3,1081184
5,5,1,3,1081187
37,31,1,3,1081188
1,1,1,3,1081186
8,6,1,3,1081195
0,0,1,3,1081193
148,123,1,3,1081191
5,5,1,3,1081192
4,1,1,3,1081190
6,4,1,3,1081200
1,1,1,3,1081214
12,10,1,3,1081212
0,0,1,3,1081218
25,24,1,3,1081213
2,2,1,3,1081216
4,3,1,3,1081211
0,0,1,3,1081225
72,71,1,3,1081231
0,0,1,3,1081232
49,44,1,3,1081233
1,1,1,3,1081235
0,0,1,3,1081247
1,1,1,3,1081246
5,2,1,3,1081243
0,0,1,3,1081241
28,20,1,3,1081244
0,0,1,3,1081250
29,27,1,3,1081254
11,11,1,3,1081257
7,6,1,3,1081264
122,115,1,3,1081268
3,3,1,3,1081263
29,18,1,3,1081267
3,3,1,3,1081265
2,2,1,3,1081274
0,0,1,3,1081273
26,13,1,3,1081277
40,18,1,3,1081287
35,18,1,3,1081281
11,12,1,3,1081286
4,1,1,3,1081291
1,1,1,3,1081292
0,0,1,3,1081298
5,4,1,3,1081304
2,2,1,3,1081302
196,187,1,3,1081303
1,1,1,3,1081305
5,5,1,3,1081314
18,11,1,3,1081326
8,7,1,3,1081325
1,1,1,3,1081327
1,1,1,3,1081320
0,0,1,3,1081328
11,11,1,3,1081323
16,17,1,3,1081322
0,0,1,3,1081324
0,0,1,3,1081321
0,0,1,3,1081330
23,12,1,3,1081331
0,0,1,3,1081337
2,2,1,3,1081336
3,3,1,3,1081334
3,3,1,3,1081333
6,6,1,3,1081338
8,11,1,3,1081345
17,16,1,3,1081341
1,1,1,3,1081356
1,1,1,3,1081353
0,0,1,3,1081351
12,7,1,3,1081358
5,4,1,3,1081361
0,0,1,3,1081360
48,41,1,3,1081367
245,216,1,3,1081368
12,6,1,3,1081362
10,6,1,3,1081373
0,0,1,3,1081374
39,37,1,3,1081372
2,1,1,3,1081375
71,65,1,3,1081384
0,0,1,3,1081383
2,2,1,3,1081387
37,31,1,3,1081393
1,1,1,3,1081391
6,6,1,3,1081390
3,3,1,3,1081395
1,1,1,3,1081405
1,1,1,3,1081404
100,81,1,3,1081407
24,19,1,3,1081406
1,1,1,3,1081414
4,4,1,3,1081417
3,4,1,3,1081416
3,2,1,3,1081423
0,0,1,3,1081426
11,5,1,3,1081421
3,3,1,3,1081420
25,24,1,3,1081422
7,7,1,3,1081427
2,2,1,3,1081436
1,1,1,3,1081435
18,12,1,3,1081437
2,2,1,3,1081442
22,18,1,3,1081443
5,3,1,3,1081445
6,3,1,3,1081447
5,5,1,3,1081444
7,6,1,3,1081441
7,7,1,3,1081440
2,2,1,3,1081453
1,1,1,3,1081458
7,5,1,3,1081452
30,23,1,3,1081451
9,9,1,3,1081465
53,51,1,3,1081468
0,0,1,3,1081461
95,84,1,3,1081467
129,64,1,3,1081464
17,5,1,3,1081462
4,4,1,3,1081472
3,5,1,3,1081475
9,8,1,3,1081478
30,29,1,3,1081474
12,11,1,3,1081480
0,0,1,3,1081481
1,1,1,3,1081486
4,4,1,3,1081483
1,1,1,3,1081488
43,31,1,3,1081492
6,3,1,3,1081502
202,168,1,3,1081504
0,0,1,3,1081510
1,1,1,3,1081514
11,11,1,3,1081516
2,2,1,3,1081528
19,18,1,3,1081527
4,4,1,3,1081523
12,7,1,3,1081525
0,0,1,3,1081533
1,1,1,3,1081538
11,5,1,3,1081532
10,9,1,3,1081536
3,2,1,3,1081543
0,0,1,3,1081544
2,2,1,3,1081541
86,52,1,3,1081542
0,0,1,3,1081558
6,5,1,3,1081554
82,66,1,3,1081551
2,3,1,3,1081567
51,25,1,3,1081570
1,1,1,3,1081571
0,0,1,3,1081578
12,9,1,3,1081587
10,10,1,3,1081584
10,9,1,3,1081585
1,1,1,3,1081582
1,1,1,3,1081598
11,12,1,3,1081596
3,3,1,3,1081604
1,1,1,3,1081608
24,24,1,3,1081601
1,1,1,3,1081603
0,0,1,3,1081600
2,2,1,3,1081610
3,3,1,3,1081616
8,8,1,3,1081621
0,0,1,3,1081626
2,1,1,3,1081623
1,1,1,3,1081628
0,0,1,3,1081624
1,1,1,3,1081635
0,0,1,3,1081636
5,4,1,3,1081640
0,0,1,3,1081646
0,0,1,3,1081643
6,6,1,3,1081642
0,0,1,3,1081651
1,1,1,3,1081654
1,1,1,3,1081655
3,3,1,3,1081656
1,1,1,3,1081664
103,75,1,3,1081663
2,2,1,3,1081667
1,1,1,3,1081671
4,3,1,3,1081677
29,19,1,3,1081676
1,1,1,3,1081688
112,60,1,3,1081684
0,0,1,3,1081693
126,97,1,3,1081694
7,7,1,3,1081704
45,31,1,3,1081707
56,52,1,3,1081701
2,2,1,3,1081708
2,2,1,3,1081714
22,19,1,3,1081710
1,1,1,3,1081712
15,15,1,3,1081725
9,10,1,3,1081723
0,0,1,3,1081728
3,3,1,3,1081726
5,3,1,3,1081721
7,7,1,3,1081724
109,102,1,3,1081727
10,8,1,3,1081737
3,2,1,3,1081735
3,2,1,3,1081734
146,118,1,3,1081733
5,3,1,3,1081738
1,1,1,3,1081732
5,5,1,3,1081744
24,18,1,3,1081745
24,22,1,3,1081742
170,157,1,3,1081747
0,1,1,3,1081740
13,9,1,3,1081743
66,52,1,3,1081746
1,1,1,3,1081751
1,1,1,3,1081756
0,0,1,3,1081753
4,4,1,3,1081757
105,91,1,3,1081758
0,0,1,3,1081750
2,1,1,3,1081755
4,4,1,3,1081754
204,174,1,3,1081768
15,16,1,3,1081765
0,0,1,3,1081764
15,13,1,3,1081766
0,0,1,3,1081770
1,1,1,3,1081776
1,1,1,3,1081787
5,5,1,3,1081783
0,0,1,3,1081793
1,1,1,3,1081794
3,3,1,3,1081792
4,4,1,3,1081797
2,1,1,3,1081790
23,13,1,3,1081791
5,5,1,3,1081800
6,6,1,3,1081802
18,17,1,3,1081807
0,0,1,3,1081806
1,1,1,3,1081805
14,7,1,3,1081804
3,2,1,3,1081811
139,87,1,3,1081817
31,19,1,3,1081812
0,0,1,3,1081810
32,18,1,3,1081815
8,6,1,3,1081822
67,57,1,3,1081835
1,1,1,3,1081831
0,1,1,3,1081834
3,3,1,3,1081846
4,3,1,3,1081844
0,0,1,3,1081845
0,0,1,3,1081840
6,5,1,3,1081853
0,0,1,3,1081851
4,4,1,3,1081850
5,5,1,3,1081854
2,2,1,3,1081858
1,1,1,3,1081862
0,0,1,3,1081860
3,3,1,3,1081866
0,0,1,3,1081878
7,6,1,3,1081883
3,2,1,3,1081887
0,0,1,3,1081880
3,3,1,3,1081888
6,6,1,3,1081886
2,2,1,3,1081895
20,15,1,3,1081894
47,42,1,3,1081908
11,12,1,3,1081900
9,6,1,3,1081903
40,22,1,3,1081904
0,0,1,3,1081910
0,0,1,3,1081914
365,168,1,3,1081913
1,1,1,3,1081917
24,25,1,3,1081918
6,5,1,3,1081912
3,3,1,3,1081922
12,11,1,3,1081927
12,5,1,3,1081935
5,3,1,3,1081942
0,0,1,3,1081948
10,9,1,3,1081947
2,2,1,3,1081940
1,1,1,3,1081944
1,1,1,3,1081956
3,2,1,3,1081951
88,64,1,3,1081964
1,1,1,3,1081967
0,0,1,3,1081968
0,0,1,3,1081966
0,0,1,3,1081978
2,2,1,3,1081976
5,4,1,3,1081977
6,6,1,3,1081982
2,2,1,3,1081984
264,148,1,3,1081987
1,2,1,3,1081981
6,6,1,3,1081991
10,6,1,3,1081996
2,2,1,3,1081997
1,1,1,3,1081993
13,9,1,3,1081994
2,2,1,3,1082007
30,26,1,3,1082011
1,1,1,3,1082015
1,1,1,3,1082017
7,3,1,3,1082022
3,3,1,3,1082030
1,2,1,3,1082037
5,5,1,3,1082043
0,0,1,3,1082045
1,1,1,3,1082041
26,12,1,3,1082057
49,23,1,3,1082058
2,2,1,3,1082064
44,43,1,3,1082060
1,2,1,3,1082068
1,1,1,3,1082067
3,3,1,3,1082066
7,3,1,3,1082062
30,13,1,3,1082073
67,59,1,3,1082077
1,1,1,3,1082078
0,0,1,3,1082072
20,13,1,3,1082074
4,4,1,3,1082081
0,0,1,3,1082082
13,14,1,3,1082084
5,3,1,3,1082095
0,0,1,3,1082094
18,14,1,3,1082093
4,4,1,3,1082097
0,0,1,3,1082098
0,0,1,3,1082100
0,0,1,3,1082107
7,4,1,3,1082105
326,299,1,3,1082115
0,1,1,3,1082114
0,0,1,3,1082124
5,5,1,3,1082123
15,15,1,3,1082127
1,4,1,3,1082120
3,1,1,3,1082133
2,2,1,3,1082135
13,14,1,3,1082138
3,2,1,3,1082134
58,37,1,3,1082136
7,6,1,3,1082130
1,1,1,3,1082147
3,2,1,3,1082144
11,11,1,3,1082140
17,15,1,3,1082145
0,0,1,3,1082150
42,40,1,3,1082151
0,0,1,3,1082157
9,6,1,3,1082167
1,1,1,3,1082163
1154,710,1,3,1082164
0,0,1,3,1082166
5,5,1,3,1082168
2,2,1,3,1082178
0,0,1,3,1082170
3,3,1,3,1082173
38,31,1,3,1082174
10,13,1,3,1082180
63,58,1,3,1082187
3,3,1,3,1082183
28,21,1,3,1082188
0,0,1,3,1082185
0,0,1,3,1082198
11,8,1,3,1082190
1,1,1,3,1082200
20,14,1,3,1082207
21,13,1,3,1082212
10,8,1,3,1082211
7,7,1,3,1082216
0,0,1,3,1082223
7,7,1,3,1082221
6,5,1,3,1082228
6,6,1,3,1082220
0,0,1,3,1082235
3,3,1,3,1082233
4,4,1,3,1082238
0,0,1,3,1082234
17,12,1,3,1082230
5,5,1,3,1082231
33,15,1,3,1082247
3,2,1,3,1082248
3,3,1,3,1082245
0,0,1,3,1082252
18,9,1,3,1082257
142,106,1,3,1082250
2,1,1,3,1082253
25,14,1,3,1082256
3,2,1,3,1082260
12,8,1,3,1082261
0,0,1,3,1082268
2,2,1,3,1082266
3,2,1,3,1082271
38,6,1,3,1082278
17,16,1,3,1082275
1,1,1,3,1082287
5,4,1,3,1082285
1,1,1,3,1082283
19,14,1,3,1082286
0,0,1,3,1082290
3,3,1,3,1082293
0,0,1,3,1082296
2,2,1,3,1082294
2,2,1,3,1082307
7,4,1,3,1082301
1,1,1,3,1082306
2,2,1,3,1082302
13,13,1,3,1082314
253,233,1,3,1082313
0,0,1,3,1082325
23,22,1,3,1082327
1,1,1,3,1082323
2,1,1,3,1082335
2,2,1,3,1082331
31,23,1,3,1082337
2,2,1,3,1082338
41,40,1,3,1082340
53,50,1,3,1082343
9,10,1,3,1082345
1,1,1,3,1082344
5,5,1,3,1082354
1,1,1,3,1082351
2,2,1,3,1082353
0,0,1,3,1082363
0,0,1,3,1082365
8,6,1,3,1082360
0,0,1,3,1082371
15,13,1,3,1082384
2,2,1,3,1082388
5,5,1,3,1082390
32,24,1,3,1082395
3,3,1,3,1082397
6,5,1,3,1082393
0,0,1,3,1082400
14,10,1,3,1082406
2,2,1,3,1082418
2,1,1,3,1082412
2,2,1,3,1082415
3,3,1,3,1082417
5,7,1,3,1082414
8,8,1,3,1082420
1,1,1,3,1082421
2,2,1,3,1082427
4,4,1,3,1082422
0,0,1,3,1082430
1,1,1,3,1082435
2,1,1,3,1082436
36,31,1,3,1082433
1,1,1,3,1082444
0,0,1,3,1082443
1,1,1,3,1082446
76,75,1,3,1082456
7,7,1,3,1082457
3,3,1,3,1082452
4,4,1,3,1082463
27,27,1,3,1082467
33,33,1,3,1082470
3,2,1,3,1082473
12,11,1,3,1082476
2,2,1,3,1082475
20,18,1,3,1082485
0,0,1,3,1082496
6,7,1,3,1082508
191,135,1,3,1082505
5,5,1,3,1082517
6,6,1,3,1082526
25,25,1,3,1082523
2,2,1,3,1082527
16,8,1,3,1082534
1,1,1,3,1082538
12,9,1,3,1082536
3,2,1,3,1082540
161,149,1,3,1082544
3,1,1,3,1082557
2,2,1,3,1082554
0,0,1,3,1082550
9,7,1,3,1082552
9,9,1,3,1082566
26,17,1,3,1082565
15,14,1,3,1082564
19,15,1,3,1082568
1,1,1,3,1082567
1,1,1,3,1082581
22,8,1,3,1082580
4,3,1,3,1082586
4,4,1,3,1082592
3,2,1,3,1082593
9,4,1,3,1082597
0,0,1,3,1082594
5,3,1,3,1082590
10,5,1,3,1082606
15,11,1,3,1082602
1,1,1,3,1082601
58,48,1,3,1082604
7,7,1,3,1082611
0,0,1,3,1082610
0,0,1,3,1082613
7,15,1,3,1082616
29,25,1,3,1082617
17,11,1,3,1082615
0,0,1,3,1082614
0,0,1,3,1082623
19,18,1,3,1082625
10,7,1,3,1082624
4,2,1,3,1082620
3,2,1,3,1082637
1,1,1,3,1082630
2,1,1,3,1082638
17,17,1,3,1082634
4,2,1,3,1082631
0,0,1,3,1082636
6,6,1,3,1082646
6,6,1,3,1082653
0,0,1,3,1082652
1,1,1,3,1082655
1,1,1,3,1082651
389,299,1,3,1082664
7,7,1,3,1082665
13,12,1,3,1082676
0,0,1,3,1082678
3,3,1,3,1082672
4,3,1,3,1082682
30,16,1,3,1082684
0,0,1,3,1082688
2,3,1,3,1082687
36,25,1,3,1082690
1,1,1,3,1082697
1,1,1,3,1082696
2,2,1,3,1082692
3,3,1,3,1082691
33,29,1,3,1082694
0,0,1,3,1082693
3636,2042,1,3,1082707
0,0,1,3,1082708
7,7,1,3,1082706
10,10,1,3,1082712
11,11,1,3,1082711
14,11,1,3,1082727
12,14,1,3,1082724
9,8,1,3,1082723
28813,19005,1,3,1082731
6,6,1,3,1082738
6,6,1,3,1082734
2,1,1,3,1082740
0,0,1,3,1082747
3,3,1,3,1082741
2,2,1,3,1082748
2,2,1,3,1082742
25,18,1,3,1082745
1,1,1,3,1082750
0,0,1,3,1082754
1,1,1,3,1082756
118,114,1,3,1082757
0,0,1,3,1082764
0,0,1,3,1082765
15,15,1,3,1082762
2,2,1,3,1082768
26,21,1,3,1082760
2,2,1,3,1082773
1,1,1,3,1082775
2,1,1,3,1082778
239,195,1,3,1082787
1,1,1,3,1082790
16,13,1,3,1082793
2,2,1,3,1082808
2,2,1,3,1082802
6,4,1,3,1082803
0,0,1,3,1082801
521,449,1,3,1082812
3,2,1,3,1082813
3,3,1,3,1082817
3,2,1,3,1082822
1,1,1,3,1082826
4,4,1,3,1082838
3,3,1,3,1082834
1,1,1,3,1082832
2,2,1,3,1082831
3,3,1,3,1082844
1,1,1,3,1082848
1,1,1,3,1082841
2,2,1,3,1082843
1,1,1,3,1082847
437,310,1,3,1082850
3,3,1,3,1082855
209,113,1,3,1082851
18,15,1,3,1082865
0,0,1,3,1082867
3,6,1,3,1082877
54,47,1,3,1082888
57,47,1,3,1082882
135,102,1,3,1082886
13,6,1,3,1082883
1,1,1,3,1082890
12,6,1,3,1082891
1,1,1,3,1082892
19,12,1,3,1082893
10,11,1,3,1082894
1,1,1,3,1082895
2,1,1,3,1082907
1,1,1,3,1082906
1,1,1,3,1082903
1,1,1,3,1082900
24,20,1,3,1082901
0,0,1,3,1082910
8,6,1,3,1082916
30,30,1,3,1082918
0,0,1,3,1082925
7,6,1,3,1082920
0,0,1,3,1082923
2,2,1,3,1082934
0,0,1,3,1082930
0,0,1,3,1082931
8,6,1,3,1082935
3,3,1,3,1082936
81,42,1,3,1082942
2,2,1,3,1082940
25,21,1,3,1082947
115,78,1,3,1082946
0,0,1,3,1082954
1,1,1,3,1082956
3,3,1,3,1082953
18,17,1,3,1082958
19,10,1,3,1082955
33,17,1,3,1082957
25,14,1,3,1082968
7,7,1,3,1082966
0,0,1,3,1082973
4,4,1,3,1082972
1,1,1,3,1082974
4,2,1,3,1082976
1,1,1,3,1082987
0,0,1,3,1082986
9,6,1,3,1082982
1,1,1,3,1082983
50,22,1,3,1082995
9,8,1,3,1082993
7,7,1,3,1082994
1,1,1,3,1082992
16,11,1,3,1083002
2,2,1,3,1083000
2,2,1,3,1083001
2,2,1,3,1083006
0,0,1,3,1083007
76,70,1,3,1083010
16,13,1,3,1083017
30,22,1,3,1083014
32,10,1,3,1083012
35,27,1,3,1083025
10,10,1,3,1083023
2,2,1,3,1083030
1,1,1,3,1083036
0,0,1,3,1083037
2,2,1,3,1083035
1,1,1,3,1083038
0,0,1,3,1083047
0,0,1,3,1083043
9,8,1,3,1083045
6,6,1,3,1083044
3,3,1,3,1083041
2,2,1,3,1083040
0,0,1,3,1083050
187,136,1,3,1083057
243,183,1,3,1083052
0,0,1,3,1083058
0,0,1,3,1083055
4,3,1,3,1083064
0,0,1,3,1083063
54,49,1,3,1083062
4,4,1,3,1083066
0,0,1,3,1083071
0,0,1,3,1083074
79,33,1,3,1083077
3,3,1,3,1083085
1,1,1,3,1083087
0,0,1,3,1083083
3,3,1,3,1083082
2,2,1,3,1083088
5,5,1,3,1083080
1,1,1,3,1083091
0,0,1,3,1083098
7,13,1,3,1083097
0,0,1,3,1083096
1,1,1,3,1083106
1,1,1,3,1083105
2,1,1,3,1083101
41,32,1,3,1083107
4,3,1,3,1083100
0,0,1,3,1083111
33,29,1,3,1083118
3,3,1,3,1083120
5,4,1,3,1083121
12,10,1,3,1083122
3,3,1,3,1083134
1,1,1,3,1083135
83,79,1,3,1083133
71,69,1,3,1083130
5,4,1,3,1083136
88,56,1,3,1083132
5,5,1,3,1083146
7,7,1,3,1083144
9,6,1,3,1083141
27,26,1,3,1083147
4,2,1,3,1083153
20,15,1,3,1083150
1,1,1,3,1083156
14,12,1,3,1083158
1,1,1,3,1083166
81,64,1,3,1083160
2,1,1,3,1083164
6,4,1,3,1083163
23,14,1,3,1083161
7,7,1,3,1083165
3,3,1,3,1083176
13,14,1,3,1083171
11,9,1,3,1083170
76,63,1,3,1083174
0,0,1,3,1083175
0,0,1,3,1083184
44,32,1,3,1083185
1,1,1,3,1083187
506,460,1,3,1083181
0,0,1,3,1083197
7,6,1,3,1083193
25,18,1,3,1083190
694,296,1,3,1083195
1,1,1,3,1083198
2,2,1,3,1083205
4,1,1,3,1083200
6,4,1,3,1083208
0,0,1,3,1083201
135,108,1,3,1083211
36,34,1,3,1083218
4,2,1,3,1083217
4,1,1,3,1083224
0,0,1,3,1083223
1411,561,1,3,1083221
1,1,1,3,1083226
3,3,1,3,1083220
224,203,1,3,1083238
5,3,1,3,1083233
10,10,1,3,1083231
12,12,1,3,1083235
0,0,1,3,1083247
9,6,1,3,1083243
13,14,1,3,1083244
1,1,1,3,1083246
3,3,1,3,1083257
1,1,1,3,1083252
0,0,1,3,1083255
0,0,1,3,1083256
9,9,1,3,1083250
0,0,1,3,1083261
1,1,1,3,1083276
23,20,1,3,1083270
3,3,1,3,1083274
14,9,1,3,1083283
3,3,1,3,1083284
2,2,1,3,1083293
61,42,1,3,1083300
6,6,1,3,1083304
7,7,1,3,1083318
0,0,1,3,1083311
28,20,1,3,1083310
1,1,1,3,1083321
12,7,1,3,1083320
2,2,1,3,1083328
7,3,1,3,1083322
50,34,1,3,1083331
0,0,1,3,1083333
3,3,1,3,1083337
9,7,1,3,1083332
5,5,1,3,1083340
0,0,1,3,1083346
4,4,1,3,1083344
12,10,1,3,1083355
1,1,1,3,1083351
0,0,1,3,1083357
2,2,1,3,1083356
10,1,1,3,1083353
4,2,1,3,1083358
0,0,1,3,1083354
1,2,1,3,1083361
4,4,1,3,1083367
5,4,1,3,1083363
0,0,1,3,1083364
8,7,1,3,1083365
23,23,1,3,1083362
0,0,1,3,1083368
82,67,1,3,1083378
1,1,1,3,1083373
31,23,1,3,1083377
2,2,1,3,1083374
1,1,1,3,1083383
15,10,1,3,1083382
46,26,1,3,1083384
1,1,1,3,1083381
2,2,1,3,1083387
8,8,1,3,1083385
47,30,1,3,1083398
166,134,1,3,1083391
1,1,1,3,1083404
26,25,1,3,1083400
49,44,1,3,1083408
11,7,1,3,1083406
27,20,1,3,1083416
19,16,1,3,1083415
6,3,1,3,1083421
22,12,1,3,1083428
1,1,1,3,1083435
2,2,1,3,1083448
58,49,1,3,1083447
14,13,1,3,1083446
1,1,1,3,1083443
2,2,1,3,1083445
5,3,1,3,1083441
5,3,1,3,1083444
146,75,1,3,1083440
1,1,1,3,1083458
1,1,1,3,1083456
0,0,1,3,1083451
1,1,1,3,1083450
1,1,1,3,1083452
11,7,1,3,1083463
3,2,1,3,1083465
10,8,1,3,1083466
106,84,1,3,1083471
8,11,1,3,1083476
2,2,1,3,1083474
80,69,1,3,1083487
0,0,1,3,1083482
40,10,1,3,1083486
1,1,1,3,1083494
1,1,1,3,1083491
68,34,1,3,1083497
2,2,1,3,1083496
6,7,1,3,1083500
7,7,1,3,1083504
2,2,1,3,1083507
0,0,1,3,1083514
1,1,1,3,1083517
35,23,1,3,1083511
7,8,1,3,1083528
13,7,1,3,1083531
3,3,1,3,1083534
10,10,1,3,1083538
3,3,1,3,1083533
0,0,1,3,1083552
0,0,1,3,1083557
3,2,1,3,1083562
0,0,1,3,1083568
1,1,1,3,1083563
0,0,1,3,1083570
3,3,1,3,1083575
3,3,1,3,1083572
36,30,1,3,1083577
1550,1456,1,3,1083580
2412,1870,1,3,1083582
2,2,1,3,1083584
2,2,1,3,1083583
41,38,1,3,1083592
87,80,1,3,1083598
8,6,1,3,1083597
7,4,1,3,1083593
7,7,1,3,1083607
14,9,1,3,1083604
69,62,1,3,1083602
9,9,1,3,1083605
1,1,1,3,1083613
1,1,1,3,1083615
10,11,1,3,1083617
1,1,1,3,1083611
539,505,1,3,1083610
1,1,1,3,1083618
6,6,1,3,1083623
17,20,1,3,1083628
10,4,1,3,1083632
11,11,1,3,1083630
10,10,1,3,1083637
0,0,1,3,1083636
32,27,1,3,1083631
4,3,1,3,1083634
1,1,1,3,1083648
13,6,1,3,1083645
0,0,1,3,1083650
13,12,1,3,1083653
2,2,1,3,1083652
1,1,1,3,1083657
0,0,1,3,1083665
21,9,1,3,1083666
13,12,1,3,1083678
12,12,1,3,1083674
1,1,1,3,1083672
5,5,1,3,1083675
1,1,1,3,1083671
6,5,1,3,1083688
8,8,1,3,1083687
208,161,1,3,1083680
9,7,1,3,1083681
11,10,1,3,1083683
24,18,1,3,1083684
9,6,1,3,1083691
8,8,1,3,1083693
10,7,1,3,1083695
8,5,1,3,1083706
3,3,1,3,1083700
4,4,1,3,1083701
119,72,1,3,1083703
0,0,1,3,1083710
37,31,1,3,1083718
1,2,1,3,1083713
13,13,1,3,1083716
90,64,1,3,1083721
7,7,1,3,1083722
0,0,1,3,1083720
3,3,1,3,1083727
42,33,1,3,1083724
53,32,1,3,1083728
5,4,1,3,1083737
1,1,1,3,1083735
32,21,1,3,1083730
5,5,1,3,1083732
4,2,1,3,1083738
339,275,1,3,1083741
3,3,1,3,1083747
3,2,1,3,1083742
0,0,1,3,1083750
0,0,1,3,1083751
2,2,1,3,1083752
66,43,1,3,1083755
3,3,1,3,1083753
1,1,1,3,1083764
2,2,1,3,1083763
21,15,1,3,1083771
3,3,1,3,1083777
9,9,1,3,1083772
9,5,1,3,1083775
0,0,1,3,1083784
106,79,1,3,1083787
42,24,1,3,1083781
5,5,1,3,1083797
2,1,1,3,1083798
1,1,1,3,1083793
968,947,1,3,1083795
2,2,1,3,1083792
26,10,1,3,1083790
13,9,1,3,1083796
3,1,1,3,1083806
12,11,1,3,1083803
39,38,1,3,1083801
1,1,1,3,1083813
3,3,1,3,1083816
0,0,1,3,1083818
4,4,1,3,1083810
0,0,1,3,1083811
14,12,1,3,1083823
52,44,1,3,1083825
33,33,1,3,1083824
0,0,1,3,1083826
16,14,1,3,1083831
24,13,1,3,1083838
9,8,1,3,1083834
30,30,1,3,1083844
383,335,1,3,1083848
13,11,1,3,1083855
12,12,1,3,1083858
3,3,1,3,1083856
11,9,1,3,1083853
4,4,1,3,1083864
20,12,1,3,1083866
48,35,1,3,1083872
1,1,1,3,1083873
5,4,1,3,1083871
1,1,1,3,1083888
12,12,1,3,1083882
12,12,1,3,1083880
9,8,1,3,1083886
6,4,1,3,1083892
8,5,1,3,1083897
6,6,1,3,1083902
22,10,1,3,1083903
2,1,1,3,1083908
4,3,1,3,1083904
12,10,1,3,1083914
3,3,1,3,1083913
58,48,1,3,1083910
2,2,1,3,1083912
11,7,1,3,1083928
19,18,1,3,1083925
5,6,1,3,1083920
5,4,1,3,1083931
3,3,1,3,1083935
352,189,1,3,1083938
5,3,1,3,1083933
14,8,1,3,1083934
9,6,1,3,1083940
4,4,1,3,1083941
0,0,1,3,1083944
13,12,1,3,1083946
2,2,1,3,1083947
10,2,1,3,1083943
5,3,1,3,1083950
4258,3137,1,3,1083957
2,1,1,3,1083953
3,4,1,3,1083966
7,6,1,3,1083968
1,1,1,3,1083967
4,4,1,3,1083964
94,72,1,3,1083975
2,2,1,3,1083978
14,15,1,3,1083974
3,4,1,3,1083973
2,3,1,3,1083988
32,17,1,3,1083983
1,1,1,3,1083986
0,0,1,3,1083990
25,17,1,3,1083994
1,1,1,3,1083992
10,10,1,3,1083998
0,0,1,3,1084006
7,7,1,3,1084003
2,2,1,3,1084000
10,8,1,3,1084001
3,3,1,3,1084005
0,0,1,3,1084012
12,10,1,3,1084016
28,26,1,3,1084010
1,1,1,3,1084018
21,19,1,3,1084015
0,0,1,3,1084020
3,3,1,3,1084024
84,59,1,3,1084022
2,1,1,3,1084036
1,1,1,3,1084037
68,42,1,3,1084038
0,0,1,3,1084032
7,6,1,3,1084033
16,16,1,3,1084035
82,72,1,3,1084034
12,10,1,3,1084040
5,5,1,3,1084042
1,1,1,3,1084048
17,16,1,3,1084046
9,8,1,3,1084058
5,5,1,3,1084051
0,0,1,3,1084057
6,6,1,3,1084052
2,1,1,3,1084054
15,8,1,3,1084061
2,2,1,3,1084067
6,5,1,3,1084064
15,7,1,3,1084063
3,3,1,3,1084068
33,32,1,3,1084072
427,241,1,3,1084074
0,0,1,3,1084076
12,10,1,3,1084077
6,6,1,3,1084070
5,5,1,3,1084075
1,1,1,3,1084082
2,3,1,3,1084088
6,3,1,3,1084086
0,0,1,3,1084093
0,0,1,3,1084107
2,2,1,3,1084108
5,4,1,3,1084112
0,0,1,3,1084111
1,1,1,3,1084117
1,2,1,3,1084114
6,6,1,3,1084115
3,3,1,3,1084120
3,3,1,3,1084123
2,1,1,3,1084124
0,0,1,3,1084138
2369,1780,1,3,1084130
4,4,1,3,1084137
12,12,1,3,1084145
16,9,1,3,1084144
12,12,1,3,1084140
4,4,1,3,1084155
5,5,1,3,1084158
15,8,1,3,1084157
6,5,1,3,1084160
0,0,1,3,1084161
1,1,1,3,1084163
37,21,1,3,1084167
1,1,1,3,1084166
2,1,1,3,1084174
1,1,1,3,1084170
10,3,1,3,1084175
0,0,1,3,1084171
3,2,1,3,1084178
0,0,1,3,1084185
0,0,1,3,1084187
6,4,1,3,1084188
19,16,1,3,1084183
2,2,1,3,1084197
0,0,1,3,1084190
3,3,1,3,1084196
60,44,1,3,1084193
6,5,1,3,1084195
1,1,1,3,1084191
161,124,1,3,1084204
22,22,1,3,1084203
3,3,1,3,1084208
14,12,1,3,1084218
17,13,1,3,1084212
2,2,1,3,1084217
20,17,1,3,1084234
117,83,1,3,1084231
11,6,1,3,1084230
71,59,1,3,1084243
6,7,1,3,1084248
2,2,1,3,1084257
3,3,1,3,1084256
0,0,1,3,1084254
1,1,1,3,1084261
15,14,1,3,1084263
97,65,1,3,1084268
12,12,1,3,1084277
2,1,1,3,1084274
2,2,1,3,1084276
1,1,1,3,1084270
2,2,1,3,1084275
2,2,1,3,1084284
8,8,1,3,1084280
4,3,1,3,1084281
5,5,1,3,1084286
0,0,1,3,1084290
5,5,1,3,1084291
15,10,1,3,1084293
7,6,1,3,1084297
2,1,1,3,1084302
21,17,1,3,1084304
9,8,1,3,1084307
4,3,1,3,1084305
4,3,1,3,1084308
1,1,1,3,1084301
2,2,1,3,1084315
1,1,1,3,1084313
50,25,1,3,1084317
1,1,1,3,1084318
8,7,1,3,1084316
0,0,1,3,1084325
15,14,1,3,1084320
2,2,1,3,1084321
4,2,1,3,1084328
0,0,1,3,1084332
7,7,1,3,1084331
16,12,1,3,1084335
12,14,1,3,1084330
0,0,1,3,1084333
5,5,1,3,1084336
0,0,1,3,1084342
102,87,1,3,1084344
4,4,1,3,1084343
11,9,1,3,1084350
4,3,1,3,1084356
39,20,1,3,1084357
1,1,1,3,1084368
3,2,1,3,1084362
1,1,1,3,1084366
5,4,1,3,1084377
9,10,1,3,1084376
13,13,1,3,1084370
0,1,1,3,1084381
0,0,1,3,1084385
7,7,1,3,1084380
4,4,1,3,1084382
14,9,1,3,1084384
25,22,1,3,1084390
14,7,1,3,1084392
1,1,1,3,1084396
7,6,1,3,1084397
37,32,1,3,1084400
0,0,1,3,1084401
3,3,1,3,1084402
9,9,1,3,1084406
12,11,1,3,1084410
762,740,1,3,1084417
8,5,1,3,1084418
0,0,1,3,1084412
1,1,1,3,1084428
1,1,1,3,1084423
3,3,1,3,1084422
2,2,1,3,1084430
12,10,1,3,1084436
1,2,1,3,1084431
15,15,1,3,1084437
1650,539,1,3,1084438
4,3,1,3,1084443
3,3,1,3,1084445
1,1,1,3,1084446
36,27,1,3,1084448
7,4,1,3,1084447
0,0,1,3,1084451
0,0,1,3,1084454
105,103,1,3,1084467
223,138,1,3,1084468
4345,3376,1,3,1084463
2,1,1,3,1084460
15,7,1,3,1084472
2,1,1,3,1084476
2,1,1,3,1084477
7,6,1,3,1084475
1,2,1,3,1084483
7,6,1,3,1084481
3,3,1,3,1084485
0,0,1,3,1084497
26,12,1,3,1084493
7,7,1,3,1084492
33,6,1,3,1084508
2,2,1,3,1084507
12,13,1,3,1084503
9,9,1,3,1084505
8,4,1,3,1084512
0,0,1,3,1084514
1,1,1,3,1084517
1,1,1,3,1084523
46,37,1,3,1084524
40,29,1,3,1084527
6,5,1,3,1084521
0,0,1,3,1084531
14,9,1,3,1084530
1,1,1,3,1084546
7,7,1,3,1084553
79,73,1,3,1084550
0,0,1,3,1084566
12,10,1,3,1084560
3,3,1,3,1084568
34,27,1,3,1084564
2,2,1,3,1084574
6,6,1,3,1084577
469,307,1,3,1084571
124,108,1,3,1084582
13,8,1,3,1084580
0,0,1,3,1084584
24,27,1,3,1084581
1,1,1,3,1084592
2,2,1,3,1084597
0,0,1,3,1084590
1,1,1,3,1084591
14,14,1,3,1084594
0,0,1,3,1084607
0,0,1,3,1084605
10,10,1,3,1084608
165,154,1,3,1084617
406,364,1,3,1084616
2,2,1,3,1084618
4,4,1,3,1084611
35,34,1,3,1084622
8,7,1,3,1084624
47,15,1,3,1084627
1,1,1,3,1084621
66,62,1,3,1084620
44,39,1,3,1084637
0,0,1,3,1084642
72,48,1,3,1084644
9,9,1,3,1084640
0,0,1,3,1084657
20,14,1,3,1084665
3,3,1,3,1084667
1,1,1,3,1084662
32,25,1,3,1084663
0,0,1,3,1084670
5,6,1,3,1084675
10,5,1,3,1084677
3,3,1,3,1084681
3,3,1,3,1084685
0,0,1,3,1084688
5,2,1,3,1084684
695,610,1,3,1084680
3,2,1,3,1084683
105,220,1,3,1084695
1,1,1,3,1084690
94,58,1,3,1084705
7,8,1,3,1084703
23,16,1,3,1084704
1,1,1,3,1084710
4,4,1,3,1084718
0,0,1,3,1084720
1,1,1,3,1084723
4,4,1,3,1084722
4,4,1,3,1084721
8,8,1,3,1084726
0,0,1,3,1084732
0,0,1,3,1084737
0,0,1,3,1084747
0,0,1,3,1084742
11,10,1,3,1084748
7,7,1,3,1084741
4,4,1,3,1084757
2,1,1,3,1084752
38,34,1,3,1084756
12,7,1,3,1084754
41,34,1,3,1084755
3,3,1,3,1084750
0,0,1,3,1084767
5,5,1,3,1084760
17,17,1,3,1084768
1,1,1,3,1084766
1,1,1,3,1084771
1,1,1,3,1084770
28,20,1,3,1084784
4,3,1,3,1084782
11,9,1,3,1084795
2,2,1,3,1084792
15,12,1,3,1084794
4,3,1,3,1084791
3,3,1,3,1084796
1,1,1,3,1084807
0,0,1,3,1084805
4,4,1,3,1084801
0,0,1,3,1084818
0,0,1,3,1084815
0,0,1,3,1084810
67,54,1,3,1084813
10,8,1,3,1084826
1,1,1,3,1084823
44,25,1,3,1084834
0,0,1,3,1084832
0,0,1,3,1084840
6,7,1,3,1084842
0,0,1,3,1084843
13,12,1,3,1084844
52,52,1,3,1084845
1041,700,1,3,1084855
111,93,1,3,1084862
367,266,1,3,1084860
2,2,1,3,1084863
0,0,1,3,1084873
1,1,1,3,1084871
4,4,1,3,1084870
1,1,1,3,1084883
0,0,1,3,1084885
4,4,1,3,1084881
10,10,1,3,1084888
1,1,1,3,1084887
4,4,1,3,1084894
2,2,1,3,1084892
5,3,1,3,1084898
1,1,1,3,1084906
0,0,1,3,1084900
46,29,1,3,1084901
9,9,1,3,1084904
4,4,1,3,1084907
0,0,1,3,1084918
1,1,1,3,1084910
0,0,1,3,1084914
5,5,1,3,1084911
5,5,1,3,1084915
3,3,1,3,1084925
72,58,1,3,1084924
1,1,1,3,1084926
0,0,1,3,1084928
14,13,1,3,1084937
5,5,1,3,1084931
43,27,1,3,1084932
111,92,1,3,1084945
1,2,1,3,1084943
1,1,1,3,1084948
1,1,1,3,1084968
1236,1069,1,3,1084964
8,7,1,3,1084965
1,1,1,3,1084972
5,5,1,3,1084974
6,6,1,3,1084976
6,6,1,3,1084973
40,34,1,3,1084982
1,1,1,3,1084987
5,5,1,3,1084980
5,5,1,3,1084988
73,148,1,3,1084994
104,97,1,3,1084995
6,5,1,3,1084991
5,2,1,3,1085008
6,7,1,3,1085006
0,0,1,3,1085004
116,91,1,3,1085007
5,5,1,3,1085012
4,4,1,3,1085013
7,3,1,3,1085017
3,4,1,3,1085011
1,1,1,3,1085014
0,0,1,3,1085016
2,2,1,3,1085024
10,10,1,3,1085026
8,5,1,3,1085028
32,13,1,3,1085023
1,1,1,3,1085022
0,0,1,3,1085036
4,3,1,3,1085031
115,62,1,3,1085032
1,1,1,3,1085030
1,1,1,3,1085046
28,17,1,3,1085043
26,17,1,3,1085040
27,20,1,3,1085042
1,1,1,3,1085041
0,0,1,3,1085047
3,3,1,3,1085058
0,1,1,3,1085051
1,1,1,3,1085056
6,3,1,3,1085064
9,5,1,3,1085061
1,1,1,3,1085063
0,0,1,3,1085073
7,7,1,3,1085078
2,2,1,3,1085070
33,26,1,3,1085075
6,4,1,3,1085076
0,0,1,3,1085086
4,4,1,3,1085083
6,7,1,3,1085087
22,16,1,3,1085080
1,1,1,3,1085085
0,0,1,3,1085095
0,0,1,3,1085098
3,3,1,3,1085092
1,1,1,3,1085094
1,1,1,3,1085090
12,12,1,3,1085097
17,16,1,3,1085107
92,88,1,3,1085102
6,6,1,3,1085101
3,3,1,3,1085104
0,0,1,3,1085114
70,62,1,3,1085111
9,8,1,3,1085118
0,0,1,3,1085115
2,2,1,3,1085113
53,54,1,3,1085117
75,74,1,3,1085125
0,0,1,3,1085127
6,6,1,3,1085123
3,3,1,3,1085137
1,1,1,3,1085132
3,3,1,3,1085136
5,4,1,3,1085131
1,1,1,3,1085130
0,0,1,3,1085135
1,1,1,3,1085147
2,2,1,3,1085144
10,5,1,3,1085148
111,106,1,3,1085145
6,5,1,3,1085143
1,1,1,3,1085151
6,2,1,3,1085155
5,5,1,3,1085157
26,18,1,3,1085156
6,5,1,3,1085154
1,1,1,3,1085168
0,0,1,3,1085162
3,3,1,3,1085166
0,0,1,3,1085165
9,9,1,3,1085176
1,3,1,3,1085173
6,5,1,3,1085174
18,12,1,3,1085177
7,6,1,3,1085178
2,2,1,3,1085188
0,0,1,3,1085182
2,2,1,3,1085181
4,3,1,3,1085186
4,4,1,3,1085187
0,0,1,3,1085193
3,2,1,3,1085194
7,7,1,3,1085192
2,2,1,3,1085196
0,0,1,3,1085195
1,1,1,3,1085205
7,7,1,3,1085206
0,0,1,3,1085201
16,10,1,3,1085208
7,7,1,3,1085212
0,0,1,3,1085218
71,33,1,3,1085216
2,2,1,3,1085215
10,5,1,3,1085221
128,74,1,3,1085222
252,192,1,3,1085220
16,10,1,3,1085223
27,17,1,3,1085224
0,0,1,3,1085233
50,43,1,3,1085238
54,50,1,3,1085231
12,13,1,3,1085236
14,9,1,3,1085234
5,5,1,3,1085230
6,4,1,3,1085258
10,6,1,3,1085254
2,1,1,3,1085250
752,606,1,3,1085251
15,8,1,3,1085252
12,7,1,3,1085253
7,5,1,3,1085262
4,2,1,3,1085263
0,0,1,3,1085268
1,1,1,3,1085274
4,4,1,3,1085271
47,40,1,3,1085284
0,0,1,3,1085283
0,0,1,3,1085288
2,2,1,3,1085286
0,0,1,3,1085292
0,0,1,3,1085293
40,39,1,3,1085298
15,14,1,3,1085294
3,3,1,3,1085291
9,8,1,3,1085307
9,7,1,3,1085300
6,4,1,3,1085302
18,18,1,3,1085316
4,5,1,3,1085311
0,0,1,3,1085312
0,0,1,3,1085326
0,0,1,3,1085320
1,1,1,3,1085327
0,0,1,3,1085322
3,3,1,3,1085338
0,0,1,3,1085336
4,4,1,3,1085331
14,9,1,3,1085330
6,3,1,3,1085333
3,3,1,3,1085335
5,5,1,3,1085337
7,4,1,3,1085343
16,16,1,3,1085347
61,42,1,3,1085344
21,21,1,3,1085352
23,24,1,3,1085353
0,0,1,3,1085356
61,34,1,3,1085357
5,5,1,3,1085358
2,2,1,3,1085367
4,4,1,3,1085365
1,1,1,3,1085360
1,1,1,3,1085368
1,1,1,3,1085370
12,12,1,3,1085378
8,7,1,3,1085374
5,4,1,3,1085377
17,13,1,3,1085384
16,10,1,3,1085388
2,4,1,3,1085381
2,1,1,3,1085385
0,0,1,3,1085396
1,1,1,3,1085397
3,3,1,3,1085391
4,5,1,3,1085390
80,78,1,3,1085393
20,7,1,3,1085400
8,5,1,3,1085404
11,5,1,3,1085402
4,2,1,3,1085401
2,2,1,3,1085410
7,7,1,3,1085412
2,2,1,3,1085417
0,0,1,3,1085414
0,0,1,3,1085420
1,1,1,3,1085427
1,1,1,3,1085447
40,16,1,3,1085446
9,7,1,3,1085445
8,6,1,3,1085444
1,1,1,3,1085442
156,130,1,3,1085457
27,13,1,3,1085453
20,19,1,3,1085450
52,50,1,3,1085456
29,16,1,3,1085463
1,1,1,3,1085466
4,3,1,3,1085461
7,3,1,3,1085477
9,11,1,3,1085472
14,8,1,3,1085470
1,1,1,3,1085471
31,26,1,3,1085486
6,6,1,3,1085484
9,8,1,3,1085488
27,17,1,3,1085487
2,2,1,3,1085485
46,36,1,3,1085483
8,8,1,3,1085481
2,2,1,3,1085492
4,3,1,3,1085497
0,0,1,3,1085506
3,3,1,3,1085503
16,14,1,3,1085500
0,0,1,3,1085510
2,1,1,3,1085517
5,1,1,3,1085515
10,9,1,3,1085518
4,1,1,3,1085512
4,3,1,3,1085527
3,2,1,3,1085521
7,7,1,3,1085532
0,0,1,3,1085537
0,0,1,3,1085536
93,78,1,3,1085533
9,7,1,3,1085534
1,1,1,3,1085543
10,7,1,3,1085542
8,8,1,3,1085548
11,11,1,3,1085546
0,0,1,3,1085551
1,1,1,3,1085556
64,36,1,3,1085550
2,2,1,3,1085554
4,4,1,3,1085560
4,2,1,3,1085563
1,1,1,3,1085568
17,14,1,3,1085567
8,8,1,3,1085562
64,41,1,3,1085577
12,11,1,3,1085575
3,2,1,3,1085572
113,69,1,3,1085578
39,24,1,3,1085585
20,18,1,3,1085587
74,57,1,3,1085584
7,7,1,3,1085581
3,3,1,3,1085598
17,13,1,3,1085592
10,8,1,3,1085590
3,1,1,3,1085591
30,20,1,3,1085596
10,8,1,3,1085608
9,7,1,3,1085601
359,294,1,3,1085607
0,0,1,3,1085604
32,30,1,3,1085613
10,6,1,3,1085617
12,12,1,3,1085611
2,2,1,3,1085615
84,64,1,3,1085616
67,34,1,3,1085618
1,1,1,3,1085614
0,0,1,3,1085638
0,0,1,3,1085635
34,32,1,3,1085630
32,19,1,3,1085644
9,8,1,3,1085645
0,0,1,3,1085658
0,0,1,3,1085654
5,2,1,3,1085655
8,5,1,3,1085668
0,0,1,3,1085664
64,60,1,3,1085678
2,2,1,3,1085676
19,16,1,3,1085677
7,7,1,3,1085680
5,2,1,3,1085693
6,6,1,3,1085695
3167,1329,1,3,1085694
6,6,1,3,1085704
2,1,1,3,1085705
5,5,1,3,1085715
3,3,1,3,1085711
20,15,1,3,1085713
0,0,1,3,1085717
8,6,1,3,1085720
1,1,1,3,1085726
273,216,1,3,1085724
11,12,1,3,1085734
8,5,1,3,1085738
10,10,1,3,1085730
3,3,1,3,1085736
1,1,1,3,1085732
5,4,1,3,1085741
2,2,1,3,1085748
5,6,1,3,1085740
2,2,1,3,1085755
6,5,1,3,1085750
8,8,1,3,1085758
358,308,1,3,1085753
10,9,1,3,1085752
3,3,1,3,1085760
15,15,1,3,1085761
1,1,1,3,1085763
101,83,1,3,1085768
3,2,1,3,1085766
21,11,1,3,1085773
10,11,1,3,1085777
0,0,1,3,1085780
22,8,1,3,1085788
18,12,1,3,1085785
1,1,1,3,1085796
0,0,1,3,1085807
2,1,1,3,1085802
28,13,1,3,1085800
22,23,1,3,1085804
4,4,1,3,1085805
12,5,1,3,1085810
3,3,1,3,1085816
1,1,1,3,1085815
4,4,1,3,1085817
17,16,1,3,1085828
7,7,1,3,1085827
0,0,1,3,1085823
871,561,1,3,1085824
2,2,1,3,1085821
25,24,1,3,1085822
0,0,1,3,1085834
3,3,1,3,1085833
6,4,1,3,1085832
3,3,1,3,1085836
1,1,1,3,1085847
10,8,1,3,1085845
13,11,1,3,1085851
0,0,1,3,1085857
7,7,1,3,1085858
1,1,1,3,1085864
21,17,1,3,1085868
8,8,1,3,1085862
44,43,1,3,1085866
0,0,1,3,1085874
4,3,1,3,1085871
1,1,1,3,1085882
0,0,1,3,1085890
1,1,1,3,1085892
5,5,1,3,1085898
52,45,1,3,1085896
0,0,1,3,1085903
1,1,1,3,1085900
0,0,1,3,1085906
8,8,1,3,1085902
5,5,1,3,1085914
6,6,1,3,1085912
20,16,1,3,1085922
4,2,1,3,1085925
15,12,1,3,1085924
0,0,1,3,1085932
1,1,1,3,1085935
8,5,1,3,1085936
36,18,1,3,1085930
6,5,1,3,1085948
13,11,1,3,1085942
0,0,1,3,1085944
39,37,1,3,1085945
14,9,1,3,1085950
190,159,1,3,1085955
1,1,1,3,1085951
4,2,1,3,1085963
0,0,1,3,1085962
9,4,1,3,1085965
0,0,1,3,1085973
1,1,1,3,1085978
18,17,1,3,1085972
23,21,1,3,1085982
12,6,1,3,1085988
45,41,1,3,1085987
0,0,1,3,1085990
1,1,1,3,1085994
58,50,1,3,1085993
2,2,1,3,1085996
1288,1144,1,3,1086004
4,5,1,3,1086000
7,10,1,3,1086001
49,44,1,3,1086015
7,4,1,3,1086016
22,14,1,3,1086018
14,12,1,3,1086012
17,15,1,3,1086025
5,4,1,3,1086023
0,0,1,3,1086028
28,26,1,3,1086038
50,37,1,3,1086037
0,0,1,3,1086035
25,17,1,3,1086034
32,33,1,3,1086036
3,3,1,3,1086031
4,2,1,3,1086041
3,3,1,3,1086045
23,13,1,3,1086047
5,5,1,3,1086046
113,66,1,3,1086043
1,1,1,3,1086044
4,4,1,3,1086048
11,11,1,3,1086054
1,1,1,3,1086058
8,5,1,3,1086055
167,94,1,3,1086050
1,1,1,3,1086053
2,2,1,3,1086057
29,26,1,3,1086067
3,3,1,3,1086060
0,0,1,3,1086077
21,10,1,3,1086073
0,0,1,3,1086080
3,3,1,3,1086086
5,6,1,3,1086088
0,0,1,3,1086095
353,255,1,3,1086096
1,1,1,3,1086103
1,1,1,3,1086107
9,6,1,3,1086112
1,1,1,3,1086110
43,15,1,3,1086118
33,29,1,3,1086117
3,3,1,3,1086126
4,4,1,3,1086134
0,0,1,3,1086138
7,6,1,3,1086141
2,2,1,3,1086150
0,0,1,3,1086165
1,1,1,3,1086163
1,1,1,3,1086167
26,21,1,3,1086168
36,35,1,3,1086164
8,7,1,3,1086173
6,6,1,3,1086178
7,7,1,3,1086174
5,5,1,3,1086170
17,12,1,3,1086180
36,37,1,3,1086187
1,1,1,3,1086185
109,56,1,3,1086188
4,4,1,3,1086183
2,2,1,3,1086193
1,1,1,3,1086203
13,13,1,3,1086208
22,19,1,3,1086200
5,4,1,3,1086207
57,48,1,3,1086201
44,43,1,3,1086202
4,4,1,3,1086210
1,1,1,3,1086217
49,31,1,3,1086212
28,19,1,3,1086216
0,0,1,3,1086223
6,6,1,3,1086226
5,4,1,3,1086228
8,6,1,3,1086221
4,4,1,3,1086236
0,0,1,3,1086233
10,9,1,3,1086248
16,14,1,3,1086246
0,0,1,3,1086244
7,7,1,3,1086250
13,7,1,3,1086257
22,10,1,3,1086253
2,2,1,3,1086265
0,0,1,3,1086263
21,17,1,3,1086267
43,17,1,3,1086266
2,1,1,3,1086281
1,1,1,3,1086287
477,438,1,3,1086290
1,1,1,3,1086291
6,7,1,3,1086297
6,5,1,3,1086292
2,2,1,3,1086305
75,59,1,3,1086308
6,6,1,3,1086315
10,8,1,3,1086310
7,8,1,3,1086311
0,0,1,3,1086324
4,4,1,3,1086321
9,10,1,3,1086327
10,7,1,3,1086325
1,1,1,3,1086328
8,6,1,3,1086338
37,20,1,3,1086331
0,0,1,3,1086337
7,5,1,3,1086332
11,7,1,3,1086340
2,2,1,3,1086341
8,6,1,3,1086350
0,0,1,3,1086354
24,11,1,3,1086352
3,3,1,3,1086358
2,2,1,3,1086351
43,33,1,3,1086362
5,4,1,3,1086367
0,0,1,3,1086363
4,4,1,3,1086360
2,1,1,3,1086361
107,36,1,3,1086364
27,16,1,3,1086365
1,1,1,3,1086385
1,1,1,3,1086383
0,0,1,3,1086386
14,14,1,3,1086384
54,40,1,3,1086387
173,143,1,3,1086391
1,1,1,3,1086396
3,3,1,3,1086398
15,11,1,3,1086407
44,35,1,3,1086404
33,29,1,3,1086406
3,3,1,3,1086401
10,6,1,3,1086400
1,1,1,3,1086414
33,15,1,3,1086413
0,1,1,3,1086415
2,2,1,3,1086425
50,19,1,3,1086422
9,6,1,3,1086433
3,2,1,3,1086436
5,4,1,3,1086438
1,1,1,3,1086430
810,797,1,3,1086447
7,5,1,3,1086441
5,6,1,3,1086445
2,2,1,3,1086448
0,0,1,3,1086453
12,6,1,3,1086450
9,6,1,3,1086455
4,4,1,3,1086458
1,1,1,3,1086457
5,5,1,3,1086456
7,7,1,3,1086452
11,6,1,3,1086451
0,0,1,3,1086462
0,0,1,3,1086460
10,10,1,3,1086463
12,13,1,3,1086466
28,5,1,3,1086468
6,5,1,3,1086478
26,17,1,3,1086471
25,21,1,3,1086480
10,9,1,3,1086485
0,0,1,3,1086486
10,10,1,3,1086498
2,3,1,3,1086496
2,2,1,3,1086492
11,10,1,3,1086497
1,1,1,3,1086502
5,3,1,3,1086506
38,23,1,3,1086500
3,3,1,3,1086510
2,2,1,3,1086511
6,2,1,3,1086514
5,5,1,3,1086515
2,1,1,3,1086516
4,3,1,3,1086524
15,15,1,3,1086523
34,34,1,3,1086520
1,1,1,3,1086528
4,4,1,3,1086526
1,1,1,3,1086531
2,2,1,3,1086533
2,2,1,3,1086547
26,22,1,3,1086541
4,4,1,3,1086555
2,2,1,3,1086557
2,2,1,3,1086553
1,1,1,3,1086550
0,0,1,3,1086563
19,9,1,3,1086561
2,3,1,3,1086576
8,8,1,3,1086573
1,1,1,3,1086572
118,51,1,3,1086581
1289,1112,1,3,1086584
77,49,1,3,1086588
0,0,1,3,1086597
0,0,1,3,1086590
0,0,1,3,1086594
97,28,1,3,1086592
24,14,1,3,1086598
0,0,1,3,1086595
8,8,1,3,1086601
10,8,1,3,1086608
3,3,1,3,1086604
2,2,1,3,1086600
3,3,1,3,1086605
3,3,1,3,1086606
179,51,1,3,1086607
7,4,1,3,1086602
9,9,1,3,1086618
0,2,1,3,1086613
5,5,1,3,1086612
8,7,1,3,1086615
1,1,1,3,1086625
22,22,1,3,1086633
3,3,1,3,1086631
2,3,1,3,1086646
12,6,1,3,1086648
39,33,1,3,1086650
2,2,1,3,1086652
8,6,1,3,1086655
3,3,1,3,1086668
2,2,1,3,1086667
2,2,1,3,1086665
0,0,1,3,1086664
100,48,1,3,1086663
0,0,1,3,1086677
27,28,1,3,1086676
0,0,1,3,1086674
12,12,1,3,1086678
22,9,1,3,1086672
6,6,1,3,1086671
26,27,1,3,1086685
34,30,1,3,1086683
32,21,1,3,1086694
6,6,1,3,1086700
3,3,1,3,1086713
73,61,1,3,1086720
2,2,1,3,1086722
12,8,1,3,1086727
19,15,1,3,1086726
22,21,1,3,1086721
14,14,1,3,1086724
63,54,1,3,1086736
1,1,1,3,1086737
24,21,1,3,1086735
25,22,1,3,1086730
6,6,1,3,1086743
4,3,1,3,1086741
5,5,1,3,1086748
9,9,1,3,1086742
6,7,1,3,1086740
103,54,1,3,1086745
1,1,1,3,1086747
2,2,1,3,1086756
1,1,1,3,1086755
1,1,1,3,1086758
2,2,1,3,1086760
129,76,1,3,1086763
1,1,1,3,1086761
316,253,1,3,1086767
12,13,1,3,1086768
0,0,1,3,1086774
1,2,1,3,1086770
0,0,1,3,1086776
7,8,1,3,1086781
3,2,1,3,1086784
3,1,1,3,1086794
2,1,1,3,1086798
1,1,1,3,1086795
2,2,1,3,1086796
1,1,1,3,1086800
5,3,1,3,1086802
7,6,1,3,1086813
2,2,1,3,1086818
43,37,1,3,1086810
3,3,1,3,1086815
1,1,1,3,1086828
4,4,1,3,1086825
1,1,1,3,1086826
119,96,1,3,1086823
36,34,1,3,1086821
3,2,1,3,1086820
6,6,1,3,1086824
0,0,1,3,1086838
19,21,1,3,1086834
1,1,1,3,1086835
3,3,1,3,1086832
2,2,1,3,1086843
96,96,1,3,1086840
1,2,1,3,1086842
19,16,1,3,1086844
33,16,1,3,1086847
9,7,1,3,1086854
5,4,1,3,1086851
7,6,1,3,1086858
25,15,1,3,1086850
138,112,1,3,1086855
0,0,1,3,1086866
17,10,1,3,1086863
16,7,1,3,1086870
35,25,1,3,1086875
2,2,1,3,1086871
7,4,1,3,1086877
7,6,1,3,1086873
9,8,1,3,1086888
1,1,1,3,1086884
27,14,1,3,1086893
11,11,1,3,1086898
4,4,1,3,1086895
2,2,1,3,1086904
0,0,1,3,1086905
1,1,1,3,1086908
0,0,1,3,1086917
11,9,1,3,1086912
2,2,1,3,1086916
1,1,1,3,1086923
19,12,1,3,1086921
7,7,1,3,1086922
11,10,1,3,1086935
3,3,1,3,1086938
4,4,1,3,1086941
0,0,1,3,1086954
2,1,1,3,1086955
0,0,1,3,1086951
7,6,1,3,1086953
24,12,1,3,1086963
3,3,1,3,1086961
4,4,1,3,1086960
52,46,1,3,1086977
2,2,1,3,1086987
43,32,1,3,1086986
28,27,1,3,1086983
1,1,1,3,1086996
20,10,1,3,1086998
0,1,1,3,1086997
49,41,1,3,1086995
8,9,1,3,1086992
0,0,1,3,1087000
1,1,1,3,1087007
150,144,1,3,1087018
8,8,1,3,1087014
16,10,1,3,1087015
23,23,1,3,1087010
9,9,1,3,1087017
52,36,1,3,1087016
701,432,1,3,1087021
1,1,1,3,1087022
3,3,1,3,1087020
32,19,1,3,1087031
114,88,1,3,1087037
6,5,1,3,1087036
48,26,1,3,1087035
8,8,1,3,1087041
73,59,1,3,1087044
0,0,1,3,1087051
4,4,1,3,1087054
2,2,1,3,1087052
5,5,1,3,1087055
3,2,1,3,1087068
3,2,1,3,1087060
0,0,1,3,1087077
0,0,1,3,1087074
2,1,1,3,1087073
6,6,1,3,1087071
5,5,1,3,1087084
0,0,1,3,1087081
93,86,1,3,1087083
2,2,1,3,1087082
1,1,1,3,1087087
20,21,1,3,1087080
229,178,1,3,1087086
1,1,1,3,1087092
3,3,1,3,1087090
10,7,1,3,1087095
9,3,1,3,1087098
44,22,1,3,1087091
1,1,1,3,1087101
15,11,1,3,1087107
184,134,1,3,1087105
0,0,1,3,1087102
4,4,1,3,1087108
15,14,1,3,1087106
15,10,1,3,1087100
9,7,1,3,1087104
2,2,1,3,1087113
0,0,1,3,1087127
0,0,1,3,1087134
0,0,1,3,1087137
25,26,1,3,1087147
2,1,1,3,1087156
1,1,1,3,1087166
137,101,1,3,1087171
19,19,1,3,1087172
219,169,1,3,1087184
11,8,1,3,1087182
26,26,1,3,1087183
3,3,1,3,1087186
3,2,1,3,1087193
0,0,1,3,1087191
24,14,1,3,1087192
2,2,1,3,1087206
38,30,1,3,1087200
11,9,1,3,1087207
2,3,1,3,1087210
9,5,1,3,1087217
11,10,1,3,1087212
4,4,1,3,1087213
0,0,1,3,1087223
7,4,1,3,1087226
10,7,1,3,1087227
0,0,1,3,1087224
2,2,1,3,1087235
0,0,1,3,1087234
155,115,1,3,1087230
51,41,1,3,1087236
2,2,1,3,1087231
62,33,1,3,1087237
33,34,1,3,1087232
5,6,1,3,1087247
55,40,1,3,1087241
2,2,1,3,1087243
4,21,1,3,1087244
17,17,1,3,1087255
6,6,1,3,1087252
64,48,1,3,1087257
0,0,1,3,1087268
43,34,1,3,1087265
0,0,1,3,1087275
3,3,1,3,1087273
1,1,1,3,1087274
15,9,1,3,1087278
29,27,1,3,1087276
12,13,1,3,1087282
9,8,1,3,1087286
3,3,1,3,1087283
4,4,1,3,1087280
13,13,1,3,1087285
0,0,1,3,1087287
11,11,1,3,1087295
1,1,1,3,1087298
1,1,1,3,1087294
2,1,1,3,1087293
5,3,1,3,1087297
6,3,1,3,1087303
5,6,1,3,1087307
3,3,1,3,1087300
0,0,1,3,1087314
11,10,1,3,1087317
9,7,1,3,1087310
44,39,1,3,1087313
13,7,1,3,1087318
33,27,1,3,1087327
4,3,1,3,1087326
99,72,1,3,1087337
11,9,1,3,1087331
0,0,1,3,1087338
26,21,1,3,1087336
4,4,1,3,1087332
67,58,1,3,1087334
40,29,1,3,1087347
4,3,1,3,1087341
6,6,1,3,1087348
1,4,1,3,1087344
5,5,1,3,1087351
2,2,1,3,1087354
0,0,1,3,1087356
0,0,1,3,1087362
126,118,1,3,1087360
4,4,1,3,1087365
2,2,1,3,1087364
5,2,1,3,1087371
0,0,1,3,1087375
0,0,1,3,1087372
12,8,1,3,1087376
0,0,1,3,1087383
0,0,1,3,1087386
2,2,1,3,1087387
9,9,1,3,1087388
0,0,1,3,1087396
2,2,1,3,1087393
283,155,1,3,1087398
20,16,1,3,1087407
9,6,1,3,1087408
12,11,1,3,1087406
1,1,1,3,1087401
0,0,1,3,1087416
1,1,1,3,1087413
2,2,1,3,1087410
1,1,1,3,1087412
0,0,1,3,1087418
2,1,1,3,1087415
2,2,1,3,1087420
0,0,1,3,1087423
1,1,1,3,1087425
0,0,1,3,1087427
345,250,1,3,1087428
2,2,1,3,1087426
0,0,1,3,1087433
3,3,1,3,1087430
0,0,1,3,1087432
3,3,1,3,1087437
9,9,1,3,1087447
1,1,1,3,1087441
7,5,1,3,1087442
3,2,1,3,1087448
111,103,1,3,1087445
3,3,1,3,1087451
8,8,1,3,1087455
2,2,1,3,1087456
0,0,1,3,1087457
0,0,1,3,1087462
435,345,1,3,1087466
0,0,1,3,1087464
5,4,1,3,1087482
4,3,1,3,1087486
37,34,1,3,1087480
3,3,1,3,1087484
0,0,1,3,1087485
2,2,1,3,1087490
1,1,1,3,1087496
19,5,1,3,1087495
4,4,1,3,1087491
11,7,1,3,1087492
209,138,1,3,1087494
7,1,1,3,1087502
68,58,1,3,1087508
1,1,1,3,1087506
57,53,1,3,1087505
2,1,1,3,1087504
0,0,1,3,1087518
3,3,1,3,1087512
22,8,1,3,1087517
8,5,1,3,1087516
2,2,1,3,1087520
6,6,1,3,1087524
278,278,1,3,1087525
0,0,1,3,1087531
5,2,1,3,1087546
2,2,1,3,1087541
1,1,1,3,1087555
32,24,1,3,1087550
6,3,1,3,1087558
1,1,1,3,1087553
0,0,1,3,1087563
14,7,1,3,1087565
8,5,1,3,1087578
2,2,1,3,1087571
0,0,1,3,1087572
1,1,1,3,1087581
2,2,1,3,1087586
11,6,1,3,1087582
37,23,1,3,1087584
4,4,1,3,1087580
48,28,1,3,1087596
1,1,1,3,1087593
1,1,1,3,1087595
8,2,1,3,1087591
5,5,1,3,1087602
49,44,1,3,1087606
32,29,1,3,1087601
10,8,1,3,1087603
35,5,1,3,1087611
53,42,1,3,1087615
11,11,1,3,1087613
3,3,1,3,1087610
5,4,1,3,1087612
0,0,1,3,1087621
14,11,1,3,1087622
2,2,1,3,1087620
4,4,1,3,1087636
1,1,1,3,1087634
18,18,1,3,1087638
10,11,1,3,1087631
13,12,1,3,1087630
1,1,1,3,1087642
6,5,1,3,1087646
9,7,1,3,1087644
8,6,1,3,1087643
39,28,1,3,1087648
3,2,1,3,1087667
6,4,1,3,1087663
23,16,1,3,1087661
13,9,1,3,1087675
16,11,1,3,1087676
2,2,1,3,1087678
28,28,1,3,1087671
2,2,1,3,1087685
0,0,1,3,1087682
59,50,1,3,1087691
0,0,1,3,1087697
10,9,1,3,1087695
31,29,1,3,1087696
133,119,1,3,1087707
9,5,1,3,1087701
2,2,1,3,1087705
9,10,1,3,1087702
0,0,1,3,1087717
7,6,1,3,1087710
23,19,1,3,1087716
1,1,1,3,1087726
1,1,1,3,1087728
1,1,1,3,1087721
4,5,1,3,1087727
1,1,1,3,1087723
0,0,1,3,1087737
102,100,1,3,1087732
3,3,1,3,1087734
483,261,1,3,1087733
14,10,1,3,1087746
12,10,1,3,1087748
26,24,1,3,1087742
0,0,1,3,1087751
0,0,1,3,1087753
1,1,1,3,1087754
7,6,1,3,1087758
17,7,1,3,1087752
0,0,1,3,1087764
14,8,1,3,1087766
32,24,1,3,1087760
3,3,1,3,1087768
11,11,1,3,1087771
14,16,1,3,1087777
5,6,1,3,1087772
1,1,1,3,1087788
1,1,1,3,1087791
1,1,1,3,1087805
29,11,1,3,1087802
2,2,1,3,1087800
0,0,1,3,1087806
33,27,1,3,1087813
1,1,1,3,1087818
32,31,1,3,1087814
8,6,1,3,1087826
2,2,1,3,1087824
1025,856,1,3,1087820
1,1,1,3,1087836
3,3,1,3,1087831
1,1,1,3,1087840
4,4,1,3,1087845
10,10,1,3,1087848
1,1,1,3,1087846
0,0,1,3,1087842
2,2,1,3,1087855
13,7,1,3,1087858
87,54,1,3,1087851
16,11,1,3,1087856
1,1,1,3,1087852
0,0,1,3,1087850
2,2,1,3,1087866
23,19,1,3,1087861
21,14,1,3,1087867
76,36,1,3,1087874
2,2,1,3,1087873
17,12,1,3,1087871
2,2,1,3,1087885
5,5,1,3,1087882
3,3,1,3,1087886
9,7,1,3,1087894
25,16,1,3,1087892
50,52,1,3,1087898
52,27,1,3,1087905
29,25,1,3,1087904
135,102,1,3,1087908
174,84,1,3,1087907
1,1,1,3,1087914
9,6,1,3,1087911
10,10,1,3,1087915
4,3,1,3,1087917
21,20,1,3,1087910
1,1,1,3,1087921
1,1,1,3,1087922
2,2,1,3,1087920
5,1,1,3,1087924
10,5,1,3,1087937
1993,1781,1,3,1087946
3,3,1,3,1087947
1,1,1,3,1087955
8,4,1,3,1087953
2,1,1,3,1087954
1,1,1,3,1087957
6,6,1,3,1087956
513,443,1,3,1087960
0,0,1,3,1087968
3,3,1,3,1087967
16,13,1,3,1087962
7,7,1,3,1087961
3,3,1,3,1087966
8,6,1,3,1087965
0,0,1,3,1087974
2,2,1,3,1087971
5,5,1,3,1087976
6,6,1,3,1087975
141,72,1,3,1087972
4,4,1,3,1087977
4,4,1,3,1087984
8,4,1,3,1087985
2,3,1,3,1087990
0,0,1,3,1087991
1,1,1,3,1087995
0,0,1,3,1087998
53,38,1,3,1087997
11,3,1,3,1088008
57,31,1,3,1088003
0,0,1,3,1088002
9,7,1,3,1088007
0,0,1,3,1088011
2,2,1,3,1088014
11,11,1,3,1088013
2,2,1,3,1088012
4,4,1,3,1088018
79,34,1,3,1088022
13,8,1,3,1088020
3,2,1,3,1088028
5,3,1,3,1088036
25,21,1,3,1088032
8,5,1,3,1088037
4,4,1,3,1088035
4,3,1,3,1088048
1,1,1,3,1088040
58,30,1,3,1088047
2038,1736,1,3,1088051
1,1,1,3,1088055
6,5,1,3,1088064
20,13,1,3,1088061
1,1,1,3,1088063
6,6,1,3,1088074
4,3,1,3,1088070
41,38,1,3,1088075
0,0,1,3,1088078
19,17,1,3,1088077
25,22,1,3,1088080
0,0,1,3,1088088
18,12,1,3,1088087
5,4,1,3,1088083
36,25,1,3,1088086
93,80,1,3,1088085
20,6,1,3,1088095
0,0,1,3,1088096
19,15,1,3,1088097
2,2,1,3,1088101
6,6,1,3,1088103
14,12,1,3,1088105
4,4,1,3,1088108
8,8,1,3,1088107
4,4,1,3,1088116
14,14,1,3,1088120
35,27,1,3,1088121
22,22,1,3,1088122
22,12,1,3,1088125
9,9,1,3,1088123
9,4,1,3,1088138
1,1,1,3,1088136
25,12,1,3,1088132
2,2,1,3,1088131
3,4,1,3,1088134
1,2,1,3,1088130
6,6,1,3,1088143
5,2,1,3,1088148
1,1,1,3,1088140
9,7,1,3,1088147
1,1,1,3,1088141
1,1,1,3,1088156
1,1,1,3,1088151
7,4,1,3,1088158
8,6,1,3,1088150
36,12,1,3,1088154
1,1,1,3,1088152
9,7,1,3,1088153
2,1,1,3,1088161
0,0,1,3,1088160
0,0,1,3,1088168
0,0,1,3,1088167
1,1,1,3,1088165
9,9,1,3,1088176
0,0,1,3,1088183
0,0,1,3,1088186
0,0,1,3,1088182
33,15,1,3,1088187
12,12,1,3,1088195
0,0,1,3,1088198
1,1,1,3,1088192
0,0,1,3,1088197
2,1,1,3,1088196
0,0,1,3,1088202
1,1,1,3,1088217
4,3,1,3,1088213
8,5,1,3,1088211
1,1,1,3,1088210
11,11,1,3,1088218
0,0,1,3,1088216
3,3,1,3,1088221
5,5,1,3,1088226
4,3,1,3,1088223
8,8,1,3,1088237
22,21,1,3,1088234
0,1,1,3,1088231
7,5,1,3,1088245
136,80,1,3,1088240
7,7,1,3,1088248
67,32,1,3,1088246
159,136,1,3,1088258
93,69,1,3,1088257
8,6,1,3,1088252
1,1,1,3,1088261
5,6,1,3,1088272
3,3,1,3,1088277
0,0,1,3,1088273
1,1,1,3,1088275
2,2,1,3,1088284
50,26,1,3,1088280
0,0,1,3,1088288
0,0,1,3,1088287
1,1,1,3,1088294
11,12,1,3,1088292
10,8,1,3,1088291
2,2,1,3,1088295
1,1,1,3,1088293
0,0,1,3,1088304
1,1,1,3,1088305
2,2,1,3,1088307
4,4,1,3,1088301
16,14,1,3,1088300
0,0,1,3,1088302
1,1,1,3,1088317
5,5,1,3,1088315
68,64,1,3,1088318
1,1,1,3,1088314
0,0,1,3,1088313
42,32,1,3,1088312
7,5,1,3,1088310
3,3,1,3,1088321
0,0,1,3,1088320
3,1,1,3,1088324
0,0,1,3,1088327
2,1,1,3,1088326
3,3,1,3,1088328
8,6,1,3,1088331
83,76,1,3,1088334
29,22,1,3,1088336
1,1,1,3,1088333
5,5,1,3,1088335
12,8,1,3,1088330
2,2,1,3,1088337
2,2,1,3,1088342
3,3,1,3,1088341
2,1,1,3,1088347
0,0,1,3,1088351
5,2,1,3,1088350
12,10,1,3,1088352
0,0,1,3,1088365
8,7,1,3,1088361
33,17,1,3,1088362
1,1,1,3,1088377
66,51,1,3,1088384
2,2,1,3,1088382
26,25,1,3,1088393
5,4,1,3,1088391
0,0,1,3,1088400
55,53,1,3,1088403
7,7,1,3,1088401
8,7,1,3,1088408
3,2,1,3,1088410
12,13,1,3,1088416
41,22,1,3,1088413
3,2,1,3,1088412
1,1,1,3,1088424
4,3,1,3,1088422
19,20,1,3,1088426
2,3,1,3,1088428
0,0,1,3,1088436
22,20,1,3,1088438
10,10,1,3,1088431
4,1,1,3,1088432
1,1,1,3,1088430
8,6,1,3,1088437
2,2,1,3,1088448
36,27,1,3,1088443
1,1,1,3,1088442
5,4,1,3,1088444
9,10,1,3,1088450
35,27,1,3,1088455
28,23,1,3,1088457
5,6,1,3,1088464
2,2,1,3,1088467
4,3,1,3,1088461
2,2,1,3,1088466
8,6,1,3,1088465
5,5,1,3,1088473
1,1,1,3,1088474
0,0,1,3,1088477
6,6,1,3,1088475
531,465,1,3,1088480
5,5,1,3,1088485
6,5,1,3,1088490
3,3,1,3,1088494
96,44,1,3,1088492
14,14,1,3,1088497
4,4,1,3,1088495
21,15,1,3,1088498
0,0,1,3,1088503
5,5,1,3,1088508
5,3,1,3,1088502
22,15,1,3,1088513
17,14,1,3,1088516
3,3,1,3,1088511
5,3,1,3,1088525
0,0,1,3,1088521
0,0,1,3,1088528
6,7,1,3,1088527
3,2,1,3,1088520
1,1,1,3,1088536
3,3,1,3,1088535
13,9,1,3,1088537
0,1,1,3,1088542
0,0,1,3,1088545
20,16,1,3,1088544
2,2,1,3,1088541
0,0,1,3,1088548
1,1,1,3,1088552
25,25,1,3,1088554
68,35,1,3,1088550
14,12,1,3,1088562
27,21,1,3,1088563
3,3,1,3,1088568
20,22,1,3,1088572
14,8,1,3,1088571
1,2,1,3,1088573
30,20,1,3,1088570
5,5,1,3,1088577
4,2,1,3,1088588
0,0,1,3,1088583
3,4,1,3,1088595
3,3,1,3,1088592
0,0,1,3,1088607
6,4,1,3,1088608
5,3,1,3,1088616
13,6,1,3,1088614
30,26,1,3,1088617
16,12,1,3,1088610
0,0,1,3,1088622
20,14,1,3,1088621
1,1,1,3,1088626
7,3,1,3,1088636
3,2,1,3,1088634
19,18,1,3,1088631
18,14,1,3,1088648
59,44,1,3,1088646
15,14,1,3,1088652
19,18,1,3,1088650
0,0,1,3,1088656
0,0,1,3,1088651
17,4,1,3,1088662
37,30,1,3,1088661
34,15,1,3,1088660
1,1,1,3,1088668
9,6,1,3,1088664
31,26,1,3,1088675
9,7,1,3,1088683
37,27,1,3,1088681
0,0,1,3,1088682
2,2,1,3,1088685
2,2,1,3,1088684
1360,755,1,3,1088696
2,2,1,3,1088697
6,5,1,3,1088701
9,4,1,3,1088703
2,2,1,3,1088700
15,12,1,3,1088707
9,9,1,3,1088716
0,0,1,3,1088714
14,7,1,3,1088710
13,11,1,3,1088715
22,15,1,3,1088713
1,1,1,3,1088720
1,1,1,3,1088723
3,3,1,3,1088721
326,245,1,3,1088726
3,3,1,3,1088727
12,9,1,3,1088736
8,6,1,3,1088731
21,15,1,3,1088735
2,2,1,3,1088733
27,17,1,3,1088745
19,17,1,3,1088744
2,2,1,3,1088748
19,17,1,3,1088740
25,18,1,3,1088741
0,0,1,3,1088758
0,0,1,3,1088751
2,1,1,3,1088755
52,40,1,3,1088750
2,2,1,3,1088761
1,1,1,3,1088762
15,12,1,3,1088773
25,7,1,3,1088777
3,3,1,3,1088774
5,6,1,3,1088770
9,9,1,3,1088782
16,15,1,3,1088787
41,30,1,3,1088781
4,4,1,3,1088786
2,2,1,3,1088792
8,7,1,3,1088793
1,2,1,3,1088796
3,2,1,3,1088805
2,2,1,3,1088808
0,0,1,3,1088818
0,0,1,3,1088810
48,42,1,3,1088812
15,14,1,3,1088817
15,15,1,3,1088820
22,20,1,3,1088824
6,6,1,3,1088828
20,18,1,3,1088827
6,4,1,3,1088831
28,11,1,3,1088836
9,7,1,3,1088830
2,2,1,3,1088833
4,2,1,3,1088838
5,5,1,3,1088840
3,3,1,3,1088844
5,3,1,3,1088847
22,12,1,3,1088843
0,0,1,3,1088846
374,334,1,3,1088842
8,6,1,3,1088858
13,13,1,3,1088855
5,5,1,3,1088857
34,16,1,3,1088850
7,5,1,3,1088851
14,14,1,3,1088852
2,2,1,3,1088853
6,4,1,3,1088867
0,0,1,3,1088868
0,0,1,3,1088866
24,18,1,3,1088865
22,8,1,3,1088860
4,2,1,3,1088878
5,5,1,3,1088873
123,84,1,3,1088870
1,1,1,3,1088875
1,1,1,3,1088876
20,19,1,3,1088884
0,0,1,3,1088885
0,0,1,3,1088887
79,70,1,3,1088882
11,10,1,3,1088883
4,4,1,3,1088888
9,5,1,3,1088880
6,7,1,3,1088893
15,7,1,3,1088901
25,15,1,3,1088902
3,3,1,3,1088903
1,1,1,3,1088912
5,2,1,3,1088918
187,151,1,3,1088913
2,2,1,3,1088914
0,0,1,3,1088915
21,19,1,3,1088917
6,6,1,3,1088925
28,24,1,3,1088927
20,14,1,3,1088922
1,1,1,3,1088923
250,200,1,3,1088924
41,20,1,3,1088921
0,0,1,3,1088937
120,108,1,3,1088932
4,4,1,3,1088936
261,145,1,3,1088940
6,4,1,3,1088942
1,1,1,3,1088944
1,1,1,3,1088956
3,3,1,3,1088950
1,1,1,3,1088966
0,0,1,3,1088965
34,33,1,3,1088963
0,0,1,3,1088974
14,10,1,3,1088977
22,21,1,3,1088976
5,6,1,3,1088983
57,55,1,3,1088985
88,82,1,3,1088981
1,1,1,3,1088991
105,86,1,3,1088996
456,315,1,3,1088993
57,42,1,3,1088998
52,33,1,3,1088994
6,4,1,3,1088990
2,2,1,3,1089006
33,30,1,3,1089004
164,52,1,3,1089000
10,12,1,3,1089003
15,15,1,3,1089005
0,0,1,3,1089002
31,23,1,3,1089010
3,2,1,3,1089018
1,1,1,3,1089016
7,6,1,3,1089023
15,10,1,3,1089020
6,6,1,3,1089026
15,8,1,3,1089022
2,2,1,3,1089028
137,108,1,3,1089024
24,20,1,3,1089031
15,15,1,3,1089035
4,4,1,3,1089033
0,0,1,3,1089047
3,2,1,3,1089043
101,65,1,3,1089046
0,0,1,3,1089048
729,680,1,3,1089051
33,26,1,3,1089057
3,3,1,3,1089058
1,1,1,3,1089050
2,2,1,3,1089065
1,1,1,3,1089068
0,0,1,3,1089060
264,163,1,3,1089067
7,5,1,3,1089062
1226,1047,1,3,1089063
0,0,1,3,1089070
1,1,1,3,1089073
10,9,1,3,1089071
2,2,1,3,1089077
4,3,1,3,1089076
43,39,1,3,1089078
151,63,1,3,1089080
0,0,1,3,1089082
25,23,1,3,1089087
12,11,1,3,1089085
21,12,1,3,1089086
10,6,1,3,1089096
5,5,1,3,1089098
36,24,1,3,1089093
3052,2005,1,3,1089106
2,1,1,3,1089108
3,3,1,3,1089104
17,11,1,3,1089100
14,9,1,3,1089105
2,2,1,3,1089118
16,8,1,3,1089115
14,8,1,3,1089113
7,7,1,3,1089110
4,2,1,3,1089111
4,4,1,3,1089114
0,0,1,3,1089121
7,6,1,3,1089128
9,7,1,3,1089137
32,11,1,3,1089131
21,5,1,3,1089132
19,9,1,3,1089133
11,7,1,3,1089135
0,0,1,3,1089143
5,2,1,3,1089144
5,2,1,3,1089145
12,6,1,3,1089146
24,18,1,3,1089148
0,0,1,3,1089151
4,4,1,3,1089157
3,3,1,3,1089158
1,1,1,3,1089155
1,1,1,3,1089153
8,8,1,3,1089152
29,16,1,3,1089154
13,14,1,3,1089150
0,0,1,3,1089160
4,4,1,3,1089164
3,2,1,3,1089168
10,10,1,3,1089162
7,1,1,3,1089166
1,1,1,3,1089165
0,0,1,3,1089173
1,1,1,3,1089176
2,2,1,3,1089172
0,1,1,3,1089174
22,19,1,3,1089177
0,0,1,3,1089182
1,1,1,3,1089183
2,2,1,3,1089185
35,33,1,3,1089188
18,17,1,3,1089196
2,2,1,3,1089192
1,1,1,3,1089193
0,0,1,3,1089195
4,3,1,3,1089203
3,3,1,3,1089205
20,10,1,3,1089206
24,24,1,3,1089204
314,270,1,3,1089208
2,2,1,3,1089207
2,2,1,3,1089201
0,0,1,3,1089217
0,0,1,3,1089210
1,1,1,3,1089212
0,0,1,3,1089218
92,94,1,3,1089227
14,14,1,3,1089226
2,2,1,3,1089225
0,0,1,3,1089231
14,13,1,3,1089232
1,1,1,3,1089236
1,1,1,3,1089230
10,10,1,3,1089233
4,4,1,3,1089234
6,6,1,3,1089237
3,3,1,3,1089248
0,0,1,3,1089242
9,5,1,3,1089240
19,8,1,3,1089241
2,2,1,3,1089245
2,3,1,3,1089247
0,0,1,3,1089255
0,0,1,3,1089257
4,4,1,3,1089258
8,7,1,3,1089252
12,10,1,3,1089256
13,9,1,3,1089251
11,9,1,3,1089262
2,2,1,3,1089265
3,3,1,3,1089261
9,7,1,3,1089260
2,2,1,3,1089268
16,13,1,3,1089264
98,53,1,3,1089263
0,0,1,3,1089278
3,2,1,3,1089271
0,0,1,3,1089277
11,11,1,3,1089281
0,0,1,3,1089285
15,12,1,3,1089288
24,11,1,3,1089283
1,1,1,3,1089284
12,11,1,3,1089291
0,0,1,3,1089292
0,0,1,3,1089294
3,4,1,3,1089295
0,0,1,3,1089297
15,11,1,3,1089290
10,3,1,3,1089304
0,0,1,3,1089308
1,1,1,3,1089303
0,0,1,3,1089314
11,6,1,3,1089312
7,7,1,3,1089316
31,27,1,3,1089318
0,0,1,3,1089323
2,2,1,3,1089326
5,1,1,3,1089320
34,28,1,3,1089321
30,13,1,3,1089327
18,7,1,3,1089322
0,0,1,3,1089335
34,32,1,3,1089334
3,3,1,3,1089342
1,1,1,3,1089346
0,0,1,3,1089352
0,0,1,3,1089357
0,0,1,3,1089354
0,0,1,3,1089356
0,0,1,3,1089361
7,6,1,3,1089360
3,2,1,3,1089363
30,22,1,3,1089375
1,1,1,3,1089374
6,5,1,3,1089376
2,1,1,3,1089380
6,3,1,3,1089383
1,1,1,3,1089381
9,4,1,3,1089384
6,5,1,3,1089382
8,5,1,3,1089385
7,5,1,3,1089386
49,34,1,3,1089387
53,52,1,3,1089398
175,173,1,3,1089397
5,3,1,3,1089396
3,3,1,3,1089391
3,3,1,3,1089394
0,0,1,3,1089403
2,2,1,3,1089402
7,7,1,3,1089400
34,28,1,3,1089405
2,2,1,3,1089404
38,35,1,3,1089408
74,64,1,3,1089416
1,2,1,3,1089414
240,194,1,3,1089418
0,0,1,3,1089425
274,168,1,3,1089420
3,4,1,3,1089435
7,6,1,3,1089431
6,5,1,3,1089433
116,95,1,3,1089445
34,23,1,3,1089440
23,18,1,3,1089443
30,21,1,3,1089450
0,0,1,3,1089458
0,0,1,3,1089468
0,0,1,3,1089461
0,0,1,3,1089465
7,7,1,3,1089460
10,9,1,3,1089466
8,5,1,3,1089471
1,1,1,3,1089472
0,0,1,3,1089475
9,9,1,3,1089474
7,6,1,3,1089473
6,4,1,3,1089488
15,12,1,3,1089485
4,4,1,3,1089487
6,6,1,3,1089484
17,11,1,3,1089482
4,4,1,3,1089483
12,14,1,3,1089493
2,2,1,3,1089492
1,1,1,3,1089498
0,0,1,3,1089506
2,1,1,3,1089505
7,6,1,3,1089503
34,26,1,3,1089504
0,0,1,3,1089517
1,1,1,3,1089512
0,0,1,3,1089516
4,4,1,3,1089513
0,0,1,3,1089521
4,3,1,3,1089523
10,10,1,3,1089535
105,91,1,3,1089536
5,5,1,3,1089532
0,0,1,3,1089530
8,7,1,3,1089534
31,16,1,3,1089543
7,2,1,3,1089544
0,0,1,3,1089546
0,0,1,3,1089550
13,10,1,3,1089558
65,59,1,3,1089555
0,0,1,3,1089564
4,3,1,3,1089567
2,2,1,3,1089571
11,12,1,3,1089572
1,1,1,3,1089573
0,0,1,3,1089585
0,0,1,3,1089581
14,10,1,3,1089587
193,155,1,3,1089582
8,8,1,3,1089584
0,0,1,3,1089586
5,3,1,3,1089590
65,49,1,3,1089592
0,0,1,3,1089591
4,4,1,3,1089596
0,0,1,3,1089608
0,0,1,3,1089606
8,9,1,3,1089602
1,1,1,3,1089610
0,0,1,3,1089612
2,2,1,3,1089615
4,2,1,3,1089611
2,2,1,3,1089621
0,0,1,3,1089622
132,111,1,3,1089620
2,2,1,3,1089633
7,3,1,3,1089635
0,0,1,3,1089632
12,12,1,3,1089631
0,0,1,3,1089636
0,0,1,3,1089637
2,1,1,3,1089640
4,4,1,3,1089648
2,1,1,3,1089652
32,30,1,3,1089650
3,3,1,3,1089653
87,65,1,3,1089655
0,0,1,3,1089651
213,177,1,3,1089662
5,2,1,3,1089660
1,1,1,3,1089663
20,8,1,3,1089664
1,1,1,3,1089667
2,2,1,3,1089677
11,11,1,3,1089671
4,4,1,3,1089673
4,3,1,3,1089676
3,3,1,3,1089674
4,4,1,3,1089672
9,10,1,3,1089670
2,2,1,3,1089682
17,8,1,3,1089684
4,3,1,3,1089681
20,18,1,3,1089688
2,1,1,3,1089694
0,0,1,3,1089697
145,86,1,3,1089708
3,4,1,3,1089705
8,3,1,3,1089707
14,13,1,3,1089713
3,3,1,3,1089712
11,12,1,3,1089718
1,1,1,3,1089721
3,3,1,3,1089726
9,8,1,3,1089727
22,22,1,3,1089725
13,13,1,3,1089720
6,7,1,3,1089734
17,7,1,3,1089733
5,3,1,3,1089748
1,1,1,3,1089741
1,1,1,3,1089744
5,3,1,3,1089746
0,0,1,3,1089745
2,1,1,3,1089752
50,39,1,3,1089756
22,19,1,3,1089754
10,4,1,3,1089755
3,2,1,3,1089758
2,2,1,3,1089761
7,3,1,3,1089767
0,0,1,3,1089762
144,115,1,3,1089768
2,2,1,3,1089766
1,1,1,3,1089770
6,5,1,3,1089774
5,6,1,3,1089772
40,30,1,3,1089775
17,11,1,3,1089776
3,2,1,3,1089784
5,4,1,3,1089785
264,236,1,3,1089782
25,18,1,3,1089781
2,1,1,3,1089791
29,16,1,3,1089798
2,2,1,3,1089795
36,26,1,3,1089794
7,7,1,3,1089792
77,47,1,3,1089808
33,27,1,3,1089807
1,1,1,3,1089803
5,3,1,3,1089804
27,22,1,3,1089805
70,48,1,3,1089816
3,3,1,3,1089818
10,4,1,3,1089822
2,2,1,3,1089824
3,3,1,3,1089827
458,329,1,3,1089825
190,106,1,3,1089821
66,55,1,3,1089823
1,1,1,3,1089832
4,4,1,3,1089833
6,5,1,3,1089837
3,3,1,3,1089830
2,2,1,3,1089838
1,1,1,3,1089836
2,2,1,3,1089843
0,0,1,3,1089844
11,10,1,3,1089846
18,11,1,3,1089847
9,6,1,3,1089848
0,0,1,3,1089842
4,3,1,3,1089841
0,0,1,3,1089857
11,12,1,3,1089851
4,2,1,3,1089854
25,10,1,3,1089850
5,4,1,3,1089855
0,0,1,3,1089867
20,17,1,3,1089864
13,11,1,3,1089870
7,5,1,3,1089873
5,3,1,3,1089871
2,2,1,3,1089872
11,10,1,3,1089874
13,13,1,3,1089884
1,1,1,3,1089883
4,4,1,3,1089885
12,10,1,3,1089882
0,0,1,3,1089881
3,3,1,3,1089887
25,20,1,3,1089886
3,3,1,3,1089891
0,0,1,3,1089894
10,10,1,3,1089893
8,7,1,3,1089892
10,10,1,3,1089895
115,101,1,3,1089897
4,4,1,3,1089902
1,1,1,3,1089907
5,4,1,3,1089904
25,26,1,3,1089911
5,2,1,3,1089917
102,74,1,3,1089918
36,34,1,3,1089912
18,12,1,3,1089914
6,5,1,3,1089924
33,22,1,3,1089926
0,0,1,3,1089937
18,14,1,3,1089930
23,15,1,3,1089936
3,3,1,3,1089942
0,0,1,3,1089944
3,3,1,3,1089940
12,5,1,3,1089945
5,6,1,3,1089941
5,4,1,3,1089951
59,53,1,3,1089954
0,0,1,3,1089962
0,0,1,3,1089960
280,258,1,3,1089963
11,10,1,3,1089967
1,1,1,3,1089970
5,1,1,3,1089975
1,1,1,3,1089976
109,62,1,3,1089977
6,5,1,3,1089974
1,1,1,3,1089984
6,3,1,3,1089982
5,5,1,3,1089980
11,11,1,3,1089987
4,4,1,3,1089985
0,0,1,3,1089981
0,0,1,3,1089993
6,6,1,3,1089994
0,0,1,3,1089997
4,4,1,3,1089995
2,2,1,3,1089990
7,10,1,3,1089992
